Category,Job_Title,Company,Location,Skills,Salary,Date_Posted,Job_Link,Remote,Country,Location_Type,Role_Category
data_jobs,senior marketing manager paid ads,Acebet.com,worldwide,marketing,200000,20-05-2026,https://remoteok.com/remote-jobs/remote-senior-marketing-manager-paid-ads-acebet-com-1129629,TRUE,Remote,Remote,Marketing & Growth
data_jobs,devrel content creator,SuperPlane,europe,marketing,70000,16-05-2026,https://remoteok.com/remote-jobs/remote-devrel-content-creator-superplane-1131594,FALSE,Other,Physical,Other
data_jobs,devrel content creator,SuperPlane,europe,devops,70000,16-05-2026,https://remoteok.com/remote-jobs/remote-devrel-content-creator-superplane-1131594,FALSE,Other,Physical,Other
data_jobs,intern sd engineer,Copious,india,salesforce,,21-05-2026,https://remoteok.com/remote-jobs/remote-intern-sd-engineer-copious-1131629,FALSE,India,Physical,Other
data_jobs,intern sd engineer,Copious,india,firebase,,21-05-2026,https://remoteok.com/remote-jobs/remote-intern-sd-engineer-copious-1131629,FALSE,India,Physical,Other
data_jobs,intern sd engineer,Copious,india,typescript,,21-05-2026,https://remoteok.com/remote-jobs/remote-intern-sd-engineer-copious-1131629,FALSE,India,Physical,Other
data_jobs,member of technical staff applied ml recsys,Liquid AI,cambridge,python,,21-05-2026,https://remoteok.com/remote-jobs/remote-member-of-technical-staff-applied-ml-recsys-liquid-ai-1131627,FALSE,United States,Physical,Other
data_jobs,software engineer platform,Benchling,worldwide,node,,21-05-2026,https://remoteok.com/remote-jobs/remote-software-engineer-platform-benchling-1131626,TRUE,Remote,Remote,Software Engineering
data_jobs,software engineer platform,Benchling,worldwide,excel,,21-05-2026,https://remoteok.com/remote-jobs/remote-software-engineer-platform-benchling-1131626,TRUE,Remote,Remote,Software Engineering
data_jobs,software engineer platform,Benchling,worldwide,biotech,,21-05-2026,https://remoteok.com/remote-jobs/remote-software-engineer-platform-benchling-1131626,TRUE,Remote,Remote,Software Engineering
data_jobs,customer lifecycle automation manager @cxt software,CXT Software,worldwide,saas,,21-05-2026,https://remoteok.com/remote-jobs/remote-customer-lifecycle-automation-manager-cxt-software-cxt-software-1131624,TRUE,Remote,Remote,Other
data_jobs,accountant asset manager a312,Pearl,worldwide,accounting,,21-05-2026,https://remoteok.com/remote-jobs/remote-accountant-asset-manager-a312-pearl-1131622,TRUE,Remote,Remote,Finance & Accounting
data_jobs,accountant asset manager a312,Pearl,worldwide,bookkeeping,,21-05-2026,https://remoteok.com/remote-jobs/remote-accountant-asset-manager-a312-pearl-1131622,TRUE,Remote,Remote,Finance & Accounting
data_jobs,accountant asset manager a312,Pearl,worldwide,bank,,21-05-2026,https://remoteok.com/remote-jobs/remote-accountant-asset-manager-a312-pearl-1131622,TRUE,Remote,Remote,Finance & Accounting
data_jobs,accountant asset manager a312,Pearl,worldwide,microsoft,,21-05-2026,https://remoteok.com/remote-jobs/remote-accountant-asset-manager-a312-pearl-1131622,TRUE,Remote,Remote,Finance & Accounting
data_jobs,accountant asset manager a312,Pearl,worldwide,recruiting,,21-05-2026,https://remoteok.com/remote-jobs/remote-accountant-asset-manager-a312-pearl-1131622,TRUE,Remote,Remote,Finance & Accounting
data_jobs,crypto trader,Maidel Group,worldwide,cryptocurrency,40000,13-05-2026,https://remoteok.com/remote-jobs/remote-crypto-trader-maidel-group-1131541,TRUE,Remote,Remote,Other
data_jobs,meta ads manager + creative producer ai native,singularads.com,poland,marketing,20000,13-05-2026,https://remoteok.com/remote-jobs/remote-meta-ads-manager-creative-producer-ai-native-singularads-com-1131538,FALSE,Poland,Physical,Marketing & Growth
data_jobs,meta ads manager + creative producer ai native,singularads.com,poland,ads,20000,13-05-2026,https://remoteok.com/remote-jobs/remote-meta-ads-manager-creative-producer-ai-native-singularads-com-1131538,FALSE,Poland,Physical,Marketing & Growth
data_jobs,meta ads manager + creative producer ai native,singularads.com,poland,ai,20000,13-05-2026,https://remoteok.com/remote-jobs/remote-meta-ads-manager-creative-producer-ai-native-singularads-com-1131538,FALSE,Poland,Physical,Marketing & Growth
data_jobs,senior database reliability engineer,Cloudlinux,worldwide,redis,,18-05-2026,https://remoteok.com/remote-jobs/remote-senior-database-reliability-engineer-cloudlinux-1131613,TRUE,Remote,Remote,Other
data_jobs,senior database reliability engineer,Cloudlinux,worldwide,ansible,,18-05-2026,https://remoteok.com/remote-jobs/remote-senior-database-reliability-engineer-cloudlinux-1131613,TRUE,Remote,Remote,Other
data_jobs,senior database reliability engineer,Cloudlinux,worldwide,postgresql,,18-05-2026,https://remoteok.com/remote-jobs/remote-senior-database-reliability-engineer-cloudlinux-1131613,TRUE,Remote,Remote,Other
data_jobs,senior database reliability engineer,Cloudlinux,worldwide,database admin,,18-05-2026,https://remoteok.com/remote-jobs/remote-senior-database-reliability-engineer-cloudlinux-1131613,TRUE,Remote,Remote,Other
data_jobs,senior database reliability engineer,Cloudlinux,worldwide,linux,,18-05-2026,https://remoteok.com/remote-jobs/remote-senior-database-reliability-engineer-cloudlinux-1131613,TRUE,Remote,Remote,Other
data_jobs,it support technician,Avalere Health,london,marketing,,18-05-2026,https://remoteok.com/remote-jobs/remote-it-support-technician-avalere-health-1131612,FALSE,United Kingdom,Physical,Customer Support & Success
data_jobs,forward deployed engineer agentic platform,Cohere,worldwide,python,,18-05-2026,https://remoteok.com/remote-jobs/remote-forward-deployed-engineer-agentic-platform-cohere-1131611,TRUE,Remote,Remote,Other
data_jobs,forward deployed engineer agentic platform,Cohere,worldwide,excel,,18-05-2026,https://remoteok.com/remote-jobs/remote-forward-deployed-engineer-agentic-platform-cohere-1131611,TRUE,Remote,Remote,Other
data_jobs,sr solution architect consultant sales engineer,Cyara,united states,testing,,18-05-2026,https://remoteok.com/remote-jobs/remote-sr-solution-architect-consultant-sales-engineer-cyara-1131610,FALSE,United States,Physical,Sales & Business Development
data_jobs,operations manager a379,Pearl,worldwide,test,,18-05-2026,https://remoteok.com/remote-jobs/remote-operations-manager-a379-pearl-1131609,TRUE,Remote,Remote,Operations & Strategy
data_jobs,operations manager a379,Pearl,worldwide,bookkeeping,,18-05-2026,https://remoteok.com/remote-jobs/remote-operations-manager-a379-pearl-1131609,TRUE,Remote,Remote,Operations & Strategy
data_jobs,operations manager a379,Pearl,worldwide,microsoft,,18-05-2026,https://remoteok.com/remote-jobs/remote-operations-manager-a379-pearl-1131609,TRUE,Remote,Remote,Operations & Strategy
data_jobs,operations manager a379,Pearl,worldwide,excel,,18-05-2026,https://remoteok.com/remote-jobs/remote-operations-manager-a379-pearl-1131609,TRUE,Remote,Remote,Operations & Strategy
data_jobs,operations manager a379,Pearl,worldwide,recruiting,,18-05-2026,https://remoteok.com/remote-jobs/remote-operations-manager-a379-pearl-1131609,TRUE,Remote,Remote,Operations & Strategy
data_jobs,operations manager a379,Pearl,worldwide,ecommerce,,18-05-2026,https://remoteok.com/remote-jobs/remote-operations-manager-a379-pearl-1131609,TRUE,Remote,Remote,Operations & Strategy
data_jobs,operations manager a379,Pearl,worldwide,shopify,,18-05-2026,https://remoteok.com/remote-jobs/remote-operations-manager-a379-pearl-1131609,TRUE,Remote,Remote,Operations & Strategy
data_jobs,senior cro manager growth optimization lead for us dtc company,Paired,worldwide,react,,18-05-2026,https://remoteok.com/remote-jobs/remote-senior-cro-manager-growth-optimization-lead-for-us-dtc-company-paired-1131608,TRUE,Remote,Remote,Marketing & Growth
data_jobs,senior cro manager growth optimization lead for us dtc company,Paired,worldwide,swift,,18-05-2026,https://remoteok.com/remote-jobs/remote-senior-cro-manager-growth-optimization-lead-for-us-dtc-company-paired-1131608,TRUE,Remote,Remote,Marketing & Growth
data_jobs,senior cro manager growth optimization lead for us dtc company,Paired,worldwide,testing,,18-05-2026,https://remoteok.com/remote-jobs/remote-senior-cro-manager-growth-optimization-lead-for-us-dtc-company-paired-1131608,TRUE,Remote,Remote,Marketing & Growth
data_jobs,senior cro manager growth optimization lead for us dtc company,Paired,worldwide,test,,18-05-2026,https://remoteok.com/remote-jobs/remote-senior-cro-manager-growth-optimization-lead-for-us-dtc-company-paired-1131608,TRUE,Remote,Remote,Marketing & Growth
data_jobs,senior cro manager growth optimization lead for us dtc company,Paired,worldwide,ux,,18-05-2026,https://remoteok.com/remote-jobs/remote-senior-cro-manager-growth-optimization-lead-for-us-dtc-company-paired-1131608,TRUE,Remote,Remote,Marketing & Growth
data_jobs,senior cro manager growth optimization lead for us dtc company,Paired,worldwide,recruiting,,18-05-2026,https://remoteok.com/remote-jobs/remote-senior-cro-manager-growth-optimization-lead-for-us-dtc-company-paired-1131608,TRUE,Remote,Remote,Marketing & Growth
data_jobs,senior cro manager growth optimization lead for us dtc company,Paired,worldwide,ecommerce,,18-05-2026,https://remoteok.com/remote-jobs/remote-senior-cro-manager-growth-optimization-lead-for-us-dtc-company-paired-1131608,TRUE,Remote,Remote,Marketing & Growth
data_jobs,senior cro manager growth optimization lead for us dtc company,Paired,worldwide,shopify,,18-05-2026,https://remoteok.com/remote-jobs/remote-senior-cro-manager-growth-optimization-lead-for-us-dtc-company-paired-1131608,TRUE,Remote,Remote,Marketing & Growth
data_jobs,us tax law ai specialist,Weekday,india,legal,,17-05-2026,https://remoteok.com/remote-jobs/remote-us-tax-law-ai-specialist-weekday-1131606,FALSE,India,Physical,Data Science & AI
data_jobs,sales development representative inbound,Yuno,worldwide,salesforce,,17-05-2026,https://remoteok.com/remote-jobs/remote-sales-development-representative-inbound-yuno-1131605,TRUE,Remote,Remote,Sales & Business Development
data_jobs,sales development representative inbound,Yuno,worldwide,excel,,17-05-2026,https://remoteok.com/remote-jobs/remote-sales-development-representative-inbound-yuno-1131605,TRUE,Remote,Remote,Sales & Business Development
data_jobs,senior accountant,Volt,"bethesda, md",saas,,17-05-2026,https://remoteok.com/remote-jobs/remote-senior-accountant-volt-1131601,FALSE,Other,Physical,Finance & Accounting
data_jobs,senior accountant,Volt,"bethesda, md",accounting,,17-05-2026,https://remoteok.com/remote-jobs/remote-senior-accountant-volt-1131601,FALSE,Other,Physical,Finance & Accounting
data_jobs,senior accountant,Volt,"bethesda, md",c,,17-05-2026,https://remoteok.com/remote-jobs/remote-senior-accountant-volt-1131601,FALSE,Other,Physical,Finance & Accounting
data_jobs,senior accountant,Volt,"bethesda, md",legal,,17-05-2026,https://remoteok.com/remote-jobs/remote-senior-accountant-volt-1131601,FALSE,Other,Physical,Finance & Accounting
data_jobs,application support engineer,Cresta,worldwide,consulting,,16-05-2026,https://remoteok.com/remote-jobs/remote-application-support-engineer-cresta-1131596,TRUE,Remote,Remote,Customer Support & Success
data_jobs,application support engineer,Cresta,worldwide,api,,16-05-2026,https://remoteok.com/remote-jobs/remote-application-support-engineer-cresta-1131596,TRUE,Remote,Remote,Customer Support & Success
data_jobs,senior golang developer,TRE ALTAMIRA Srl,worldwide,golang,,16-05-2026,https://remoteok.com/remote-jobs/remote-senior-golang-developer-tre-altamira-srl-1131593,TRUE,Remote,Remote,Software Engineering
data_jobs,software engineer,Sticker Mule,europe,golang,150000,16-05-2026,https://remoteok.com/remote-jobs/remote-software-engineer-sticker-mule-1131592,FALSE,Other,Physical,Software Engineering
data_jobs,software engineer,Sticker Mule,europe,docker,150000,16-05-2026,https://remoteok.com/remote-jobs/remote-software-engineer-sticker-mule-1131592,FALSE,Other,Physical,Software Engineering
data_jobs,software engineer,Sticker Mule,europe,redis,150000,16-05-2026,https://remoteok.com/remote-jobs/remote-software-engineer-sticker-mule-1131592,FALSE,Other,Physical,Software Engineering
data_jobs,software engineer,Sticker Mule,europe,gcp,150000,16-05-2026,https://remoteok.com/remote-jobs/remote-software-engineer-sticker-mule-1131592,FALSE,Other,Physical,Software Engineering
data_jobs,software engineer,Sticker Mule,europe,postgresql,150000,16-05-2026,https://remoteok.com/remote-jobs/remote-software-engineer-sticker-mule-1131592,FALSE,Other,Physical,Software Engineering
data_jobs,it support technician,Avalere Health,washington dc,microsoft,,16-05-2026,https://remoteok.com/remote-jobs/remote-it-support-technician-avalere-health-1131591,FALSE,United States,Physical,Customer Support & Success
data_jobs,it support technician,Avalere Health,washington dc,marketing,,16-05-2026,https://remoteok.com/remote-jobs/remote-it-support-technician-avalere-health-1131591,FALSE,United States,Physical,Customer Support & Success
data_jobs,account supervisor,Avalere Health,worldwide,marketing,,16-05-2026,https://remoteok.com/remote-jobs/remote-account-supervisor-avalere-health-1131590,TRUE,Remote,Remote,Other
data_jobs,product manager,Cosuno,berlin,saas,,16-05-2026,https://remoteok.com/remote-jobs/remote-product-manager-cosuno-1131589,FALSE,Other,Physical,Product Management
data_jobs,product manager,Cosuno,berlin,marketing,,16-05-2026,https://remoteok.com/remote-jobs/remote-product-manager-cosuno-1131589,FALSE,Other,Physical,Product Management
data_jobs,staff engineer platform engineering,HighLevel,india,saas,,16-05-2026,https://remoteok.com/remote-jobs/remote-staff-engineer-platform-engineering-highlevel-1131588,FALSE,India,Physical,DevOps & Cloud
data_jobs,staff engineer platform engineering,HighLevel,india,nodejs,,16-05-2026,https://remoteok.com/remote-jobs/remote-staff-engineer-platform-engineering-highlevel-1131588,FALSE,India,Physical,DevOps & Cloud
data_jobs,staff engineer platform engineering,HighLevel,india,api,,16-05-2026,https://remoteok.com/remote-jobs/remote-staff-engineer-platform-engineering-highlevel-1131588,FALSE,India,Physical,DevOps & Cloud
data_jobs,staff engineer platform engineering,HighLevel,india,legal,,16-05-2026,https://remoteok.com/remote-jobs/remote-staff-engineer-platform-engineering-highlevel-1131588,FALSE,India,Physical,DevOps & Cloud
data_jobs,business analyst,Judi Health,denver,ux,,16-05-2026,https://remoteok.com/remote-jobs/remote-business-analyst-judi-health-1131587,FALSE,United States,Physical,Operations & Strategy
data_jobs,capture analyst,Altarum,united states,edu,,16-05-2026,https://remoteok.com/remote-jobs/remote-capture-analyst-altarum-1131585,FALSE,United States,Physical,Data Analyst
data_jobs,business immigration paralegal latam,HireHawk,worldwide,legal,,16-05-2026,https://remoteok.com/remote-jobs/remote-business-immigration-paralegal-latam-hirehawk-1131582,TRUE,Remote,Remote,Legal & Compliance
data_jobs,chief revenue officer,"ContinuumGlobal,",united states,saas,,15-05-2026,https://remoteok.com/remote-jobs/remote-chief-revenue-officer-continuumglobal-inc-1131579,TRUE,United States,Remote,Sales & Business Development
data_jobs,chief revenue officer,"ContinuumGlobal,",united states,marketing,,15-05-2026,https://remoteok.com/remote-jobs/remote-chief-revenue-officer-continuumglobal-inc-1131579,TRUE,United States,Remote,Sales & Business Development
data_jobs,senior software engineer,CentralReach,united states,saas,,15-05-2026,https://remoteok.com/remote-jobs/remote-senior-software-engineer-centralreach-1131578,TRUE,United States,Remote,Software Engineering
data_jobs,business development representative,Sprinto,india,saas,,15-05-2026,https://remoteok.com/remote-jobs/remote-business-development-representative-sprinto-1131577,FALSE,India,Physical,Sales & Business Development
data_jobs,business development representative,Sprinto,india,marketing,,15-05-2026,https://remoteok.com/remote-jobs/remote-business-development-representative-sprinto-1131577,FALSE,India,Physical,Sales & Business Development
data_jobs,business development representative,Sprinto,india,golang,,15-05-2026,https://remoteok.com/remote-jobs/remote-business-development-representative-sprinto-1131577,FALSE,India,Physical,Sales & Business Development
data_jobs,senior sales engineer,Glia,worldwide,saas,,15-05-2026,https://remoteok.com/remote-jobs/remote-senior-sales-engineer-glia-1131576,TRUE,Remote,Remote,Sales & Business Development
data_jobs,senior sales engineer,Glia,worldwide,javascript,,15-05-2026,https://remoteok.com/remote-jobs/remote-senior-sales-engineer-glia-1131576,TRUE,Remote,Remote,Sales & Business Development
data_jobs,senior sales engineer,Glia,worldwide,serverless,,15-05-2026,https://remoteok.com/remote-jobs/remote-senior-sales-engineer-glia-1131576,TRUE,Remote,Remote,Sales & Business Development
data_jobs,senior sales engineer,Glia,worldwide,api,,15-05-2026,https://remoteok.com/remote-jobs/remote-senior-sales-engineer-glia-1131576,TRUE,Remote,Remote,Sales & Business Development
data_jobs,engenharia software engineer iii golang,Stone,remoto,golang,,15-05-2026,https://remoteok.com/remote-jobs/remote-engenharia-software-engineer-iii-golang-stone-1131575,FALSE,Other,Physical,Software Engineering
python_jobs,forward deployed engineer agentic platform,Cohere,worldwide,excel,,18-05-2026,https://remoteok.com/remote-jobs/remote-forward-deployed-engineer-agentic-platform-cohere-1131611,TRUE,Remote,Remote,Other
python_jobs,lead software engineer,CSC Generation,remote canada,django,,11-05-2026,https://remoteok.com/remote-jobs/remote-lead-software-engineer-csc-generation-1131529,TRUE,Remote,Remote,Software Engineering
python_jobs,lead software engineer,CSC Generation,remote canada,api,,11-05-2026,https://remoteok.com/remote-jobs/remote-lead-software-engineer-csc-generation-1131529,TRUE,Remote,Remote,Software Engineering
python_jobs,lead software engineer,CSC Generation,remote canada,recruiting,,11-05-2026,https://remoteok.com/remote-jobs/remote-lead-software-engineer-csc-generation-1131529,TRUE,Remote,Remote,Software Engineering
python_jobs,senior data engineer,Valon Mortgage,worldwide,saas,,09-05-2026,https://remoteok.com/remote-jobs/remote-senior-data-engineer-valon-mortgage-1131504,TRUE,Remote,Remote,Data Engineering
python_jobs,senior data engineer,Valon Mortgage,worldwide,golang,,09-05-2026,https://remoteok.com/remote-jobs/remote-senior-data-engineer-valon-mortgage-1131504,TRUE,Remote,Remote,Data Engineering
python_jobs,3d modeling & python specialist freelance ai trainer project,Invisible Agency,worldwide,3d,,07-05-2026,https://remoteok.com/remote-jobs/remote-3d-modeling-python-specialist-freelance-ai-trainer-project-invisible-agency-1131456,TRUE,Remote,Remote,Data Science & AI
python_jobs,software engineer ii backend,Affirm,poland,mysql,,29-04-2026,https://remoteok.com/remote-jobs/remote-software-engineer-ii-backend-affirm-1131342,FALSE,Poland,Physical,Software Engineering
python_jobs,senior full stack react developer,Lemon.io,latin america,javascript,50000,29-04-2026,https://remoteok.com/remote-jobs/remote-senior-full-stack-react-developer-lemon-io-1131339,FALSE,United States,Physical,Software Engineering
python_jobs,senior full stack react developer,Lemon.io,latin america,react,50000,29-04-2026,https://remoteok.com/remote-jobs/remote-senior-full-stack-react-developer-lemon-io-1131339,FALSE,United States,Physical,Software Engineering
python_jobs,senior full stack react developer,Lemon.io,latin america,node,50000,29-04-2026,https://remoteok.com/remote-jobs/remote-senior-full-stack-react-developer-lemon-io-1131339,FALSE,United States,Physical,Software Engineering
python_jobs,senior full stack react developer,Lemon.io,latin america,golang,50000,29-04-2026,https://remoteok.com/remote-jobs/remote-senior-full-stack-react-developer-lemon-io-1131339,FALSE,United States,Physical,Software Engineering
python_jobs,senior full stack react developer,Lemon.io,latin america,full stack,50000,29-04-2026,https://remoteok.com/remote-jobs/remote-senior-full-stack-react-developer-lemon-io-1131339,FALSE,United States,Physical,Software Engineering
python_jobs,data engineer,Pivotal Health,los angeles,salesforce,,26-04-2026,https://remoteok.com/remote-jobs/remote-data-engineer-pivotal-health-1131305,FALSE,Other,Physical,Data Engineering
python_jobs,data engineer,Pivotal Health,los angeles,devops,,26-04-2026,https://remoteok.com/remote-jobs/remote-data-engineer-pivotal-health-1131305,FALSE,Other,Physical,Data Engineering
python_jobs,data engineer,Pivotal Health,los angeles,postgresql,,26-04-2026,https://remoteok.com/remote-jobs/remote-data-engineer-pivotal-health-1131305,FALSE,Other,Physical,Data Engineering
python_jobs,applied ai engineer europe,Amigo,amsterdam,testing,,25-04-2026,https://remoteok.com/remote-jobs/remote-applied-ai-engineer-europe-amigo-1131296,FALSE,Other,Physical,Data Science & AI
python_jobs,applied ai engineer europe,Amigo,amsterdam,git,,25-04-2026,https://remoteok.com/remote-jobs/remote-applied-ai-engineer-europe-amigo-1131296,FALSE,Other,Physical,Data Science & AI
python_jobs,applied ai engineer europe,Amigo,amsterdam,api,,25-04-2026,https://remoteok.com/remote-jobs/remote-applied-ai-engineer-europe-amigo-1131296,FALSE,Other,Physical,Data Science & AI
python_jobs,applied ai engineer europe,Amigo,amsterdam,golang,,25-04-2026,https://remoteok.com/remote-jobs/remote-applied-ai-engineer-europe-amigo-1131296,FALSE,Other,Physical,Data Science & AI
python_jobs,senior cad backend engineer mechanical cad automation,Foundation EGI,worldwide,3d,,24-04-2026,https://remoteok.com/remote-jobs/remote-senior-cad-backend-engineer-mechanical-cad-automation-foundation-egi-1131271,TRUE,Remote,Remote,Software Engineering
python_jobs,software engineer identity & access,Patreon,worldwide,testing,,23-04-2026,https://remoteok.com/remote-jobs/remote-software-engineer-identity-access-patreon-1131240,TRUE,Remote,Remote,Software Engineering
python_jobs,technical implementations lead us,Smile Digital Health,united states,javascript,,23-04-2026,https://remoteok.com/remote-jobs/remote-technical-implementations-lead-us-smile-digital-health-1131239,TRUE,United States,Remote,Other
python_jobs,technical implementations lead us,Smile Digital Health,united states,java,,23-04-2026,https://remoteok.com/remote-jobs/remote-technical-implementations-lead-us-smile-digital-health-1131239,TRUE,United States,Remote,Other
python_jobs,banking full stack software developer tscm 43657,Eleks,poland,full stack,,22-04-2026,https://remoteok.com/remote-jobs/remote-banking-full-stack-software-developer-tscm-43657-eleks-1131120,FALSE,Poland,Physical,Software Engineering
python_jobs,banking full stack software developer tscm 43657,Eleks,poland,javascript,,22-04-2026,https://remoteok.com/remote-jobs/remote-banking-full-stack-software-developer-tscm-43657-eleks-1131120,FALSE,Poland,Physical,Software Engineering
python_jobs,banking full stack software developer tscm 43657,Eleks,poland,angular,,22-04-2026,https://remoteok.com/remote-jobs/remote-banking-full-stack-software-developer-tscm-43657-eleks-1131120,FALSE,Poland,Physical,Software Engineering
python_jobs,engineering manager data platform,TrueML,remote in usa,fintech,,22-04-2026,https://remoteok.com/remote-jobs/remote-engineering-manager-data-platform-trueml-1131102,TRUE,Remote,Remote,Data Engineering
python_jobs,engineering manager data platform,TrueML,remote in usa,java,,22-04-2026,https://remoteok.com/remote-jobs/remote-engineering-manager-data-platform-trueml-1131102,TRUE,Remote,Remote,Data Engineering
python_jobs,engineering manager data platform,TrueML,remote in usa,nosql,,22-04-2026,https://remoteok.com/remote-jobs/remote-engineering-manager-data-platform-trueml-1131102,TRUE,Remote,Remote,Data Engineering
python_jobs,biology ai training expert,Anyone AI,amsterdam,biology,,22-03-2026,https://remoteok.com/remote-jobs/remote-biology-ai-training-expert-anyone-ai-1130953,FALSE,Other,Physical,Other
python_jobs,data analyst,World Golf Tour (WGT),san francisco,gaming,,22-03-2026,https://remoteok.com/remote-jobs/remote-data-analyst-world-golf-tour-wgt-1130952,FALSE,Other,Physical,Data Analyst
python_jobs,data analyst,World Golf Tour (WGT),san francisco,excel,,22-03-2026,https://remoteok.com/remote-jobs/remote-data-analyst-world-golf-tour-wgt-1130952,FALSE,Other,Physical,Data Analyst
python_jobs,staff machine learning engineer,Fullscript,worldwide,golang,,22-03-2026,https://remoteok.com/remote-jobs/remote-staff-machine-learning-engineer-fullscript-1130924,TRUE,Remote,Remote,Data Science & AI
python_jobs,senior backend engineer integrations,Arbiter AI,new york city,api,,22-03-2026,https://remoteok.com/remote-jobs/remote-senior-backend-engineer-integrations-arbiter-ai-1130908,FALSE,United States,Physical,Software Engineering
python_jobs,security engineer ii canada,NerdWallet,worldwide,test,,22-03-2026,https://remoteok.com/remote-jobs/remote-security-engineer-ii-canada-nerdwallet-1130860,TRUE,Remote,Remote,Cybersecurity
python_jobs,security engineer ii canada,NerdWallet,worldwide,javascript,,22-03-2026,https://remoteok.com/remote-jobs/remote-security-engineer-ii-canada-nerdwallet-1130860,TRUE,Remote,Remote,Cybersecurity
python_jobs,solutions analytics data scientist,SentiLink,austin,fintech,,22-03-2026,https://remoteok.com/remote-jobs/remote-solutions-analytics-data-scientist-sentilink-1130707,FALSE,Other,Physical,Data Science & AI
python_jobs,solutions analytics data scientist,SentiLink,austin,golang,,22-03-2026,https://remoteok.com/remote-jobs/remote-solutions-analytics-data-scientist-sentilink-1130707,FALSE,Other,Physical,Data Science & AI
python_jobs,rigging technical artist nba 2k,2K,california,gaming,,22-03-2026,https://remoteok.com/remote-jobs/remote-rigging-technical-artist-nba-2k-2k-1130695,FALSE,United States,Physical,UI/UX & Design
python_jobs,rigging technical artist nba 2k,2K,california,math,,22-03-2026,https://remoteok.com/remote-jobs/remote-rigging-technical-artist-nba-2k-2k-1130695,FALSE,United States,Physical,UI/UX & Design
python_jobs,rigging technical artist nba 2k,2K,california,node,,22-03-2026,https://remoteok.com/remote-jobs/remote-rigging-technical-artist-nba-2k-2k-1130695,FALSE,United States,Physical,UI/UX & Design
python_jobs,senior software engineer python django postgresql and vue.js,GHX,worldwide,django,,22-03-2026,https://remoteok.com/remote-jobs/remote-senior-software-engineer-python-django-postgresql-and-vue-js-ghx-1130694,TRUE,Remote,Remote,Software Engineering
python_jobs,senior software engineer python django postgresql and vue.js,GHX,worldwide,saas,,22-03-2026,https://remoteok.com/remote-jobs/remote-senior-software-engineer-python-django-postgresql-and-vue-js-ghx-1130694,TRUE,Remote,Remote,Software Engineering
python_jobs,senior software engineer python django postgresql and vue.js,GHX,worldwide,full stack,,22-03-2026,https://remoteok.com/remote-jobs/remote-senior-software-engineer-python-django-postgresql-and-vue-js-ghx-1130694,TRUE,Remote,Remote,Software Engineering
python_jobs,senior software engineer python django postgresql and vue.js,GHX,worldwide,testing,,22-03-2026,https://remoteok.com/remote-jobs/remote-senior-software-engineer-python-django-postgresql-and-vue-js-ghx-1130694,TRUE,Remote,Remote,Software Engineering
python_jobs,senior software engineer python django postgresql and vue.js,GHX,worldwide,devops,,22-03-2026,https://remoteok.com/remote-jobs/remote-senior-software-engineer-python-django-postgresql-and-vue-js-ghx-1130694,TRUE,Remote,Remote,Software Engineering
python_jobs,senior software engineer python django postgresql and vue.js,GHX,worldwide,git,,22-03-2026,https://remoteok.com/remote-jobs/remote-senior-software-engineer-python-django-postgresql-and-vue-js-ghx-1130694,TRUE,Remote,Remote,Software Engineering
python_jobs,senior software engineer python django postgresql and vue.js,GHX,worldwide,postgresql,,22-03-2026,https://remoteok.com/remote-jobs/remote-senior-software-engineer-python-django-postgresql-and-vue-js-ghx-1130694,TRUE,Remote,Remote,Software Engineering
python_jobs,staff engineer software release and packaging risc v,Tenstorrent,worldwide,linux,,22-02-2026,https://remoteok.com/remote-jobs/remote-staff-engineer-software-release-and-packaging-risc-v-tenstorrent-1130609,TRUE,Remote,Remote,Other
python_jobs,early career software engineer warfighter systems,Anduril Industries,bellevue,3d,,22-02-2026,https://remoteok.com/remote-jobs/remote-early-career-software-engineer-warfighter-systems-anduril-industries-1130565,FALSE,Other,Physical,Software Engineering
python_jobs,early career software engineer warfighter systems,Anduril Industries,bellevue,gaming,,22-02-2026,https://remoteok.com/remote-jobs/remote-early-career-software-engineer-warfighter-systems-anduril-industries-1130565,FALSE,Other,Physical,Software Engineering
python_jobs,early career software engineer warfighter systems,Anduril Industries,bellevue,docker,,22-02-2026,https://remoteok.com/remote-jobs/remote-early-career-software-engineer-warfighter-systems-anduril-industries-1130565,FALSE,Other,Physical,Software Engineering
python_jobs,early career software engineer warfighter systems,Anduril Industries,bellevue,java,,22-02-2026,https://remoteok.com/remote-jobs/remote-early-career-software-engineer-warfighter-systems-anduril-industries-1130565,FALSE,Other,Physical,Software Engineering
python_jobs,c++ developer,Magic Media,worldwide,vfx,,22-02-2026,https://remoteok.com/remote-jobs/remote-c-developer-magic-media-1130444,TRUE,Remote,Remote,Software Engineering
python_jobs,c++ developer,Magic Media,worldwide,gaming,,22-02-2026,https://remoteok.com/remote-jobs/remote-c-developer-magic-media-1130444,TRUE,Remote,Remote,Software Engineering
python_jobs,c++ developer,Magic Media,worldwide,c++,,22-02-2026,https://remoteok.com/remote-jobs/remote-c-developer-magic-media-1130444,TRUE,Remote,Remote,Software Engineering
python_jobs,c++ developer,Magic Media,worldwide,golang,,22-02-2026,https://remoteok.com/remote-jobs/remote-c-developer-magic-media-1130444,TRUE,Remote,Remote,Software Engineering
python_jobs,senior data engineer,Oowlish Technology,worldwide,api,,22-02-2026,https://remoteok.com/remote-jobs/remote-senior-data-engineer-oowlish-technology-1130284,TRUE,Remote,Remote,Data Engineering
python_jobs,data science intern pricing analytics,Gametime United,united states,test,,22-02-2026,https://remoteok.com/remote-jobs/remote-data-science-intern-pricing-analytics-gametime-united-1130279,FALSE,United States,Physical,Data Science & AI
python_jobs,big data engineer,Oowlish Technology,worldwide,lambda,,22-02-2026,https://remoteok.com/remote-jobs/remote-big-data-engineer-oowlish-technology-1130275,TRUE,Remote,Remote,Data Engineering
python_jobs,gtm automation engineer,Postscript,worldwide,jira,,22-02-2026,https://remoteok.com/remote-jobs/remote-gtm-automation-engineer-postscript-1130114,TRUE,Remote,Remote,Other
python_jobs,gtm automation engineer,Postscript,worldwide,salesforce,,22-02-2026,https://remoteok.com/remote-jobs/remote-gtm-automation-engineer-postscript-1130114,TRUE,Remote,Remote,Other
python_jobs,gtm automation engineer,Postscript,worldwide,test,,22-02-2026,https://remoteok.com/remote-jobs/remote-gtm-automation-engineer-postscript-1130114,TRUE,Remote,Remote,Other
python_jobs,gtm automation engineer,Postscript,worldwide,ux,,22-02-2026,https://remoteok.com/remote-jobs/remote-gtm-automation-engineer-postscript-1130114,TRUE,Remote,Remote,Other
python_jobs,gtm automation engineer,Postscript,worldwide,marketing,,22-02-2026,https://remoteok.com/remote-jobs/remote-gtm-automation-engineer-postscript-1130114,TRUE,Remote,Remote,Other
python_jobs,gtm automation engineer,Postscript,worldwide,ecommerce,,22-02-2026,https://remoteok.com/remote-jobs/remote-gtm-automation-engineer-postscript-1130114,TRUE,Remote,Remote,Other
python_jobs,gtm automation engineer,Postscript,worldwide,shopify,,22-02-2026,https://remoteok.com/remote-jobs/remote-gtm-automation-engineer-postscript-1130114,TRUE,Remote,Remote,Other
python_jobs,product data analyst,Big Health,united states,git,,22-01-2026,https://remoteok.com/remote-jobs/remote-product-data-analyst-big-health-1130055,TRUE,United States,Remote,Data Analyst
python_jobs,product data analyst,Big Health,united states,golang,,22-01-2026,https://remoteok.com/remote-jobs/remote-product-data-analyst-big-health-1130055,TRUE,United States,Remote,Data Analyst
python_jobs,senior python software engineer,Bloomreach,slovakia,test,,22-01-2026,https://remoteok.com/remote-jobs/remote-senior-python-software-engineer-bloomreach-1130047,FALSE,Other,Physical,Software Engineering
python_jobs,software engineer,Ren,worldwide,test,,22-01-2026,https://remoteok.com/remote-jobs/remote-software-engineer-ren-1130024,TRUE,Remote,Remote,Software Engineering
python_jobs,senior machine learning engineer ai foundry,Kraken,worldwide,docker,,22-01-2026,https://remoteok.com/remote-jobs/remote-senior-machine-learning-engineer-ai-foundry-kraken-1129990,TRUE,Remote,Remote,Data Science & AI
python_jobs,site reliability engineer,Point72,india,devops,,22-01-2026,https://remoteok.com/remote-jobs/remote-site-reliability-engineer-point72-1129936,FALSE,India,Physical,DevOps & Cloud
python_jobs,site reliability engineer,Point72,india,mongodb,,22-01-2026,https://remoteok.com/remote-jobs/remote-site-reliability-engineer-point72-1129936,FALSE,India,Physical,DevOps & Cloud
python_jobs,site reliability engineer,Point72,india,linux,,22-01-2026,https://remoteok.com/remote-jobs/remote-site-reliability-engineer-point72-1129936,FALSE,India,Physical,DevOps & Cloud
dev_jobs,devrel content creator,SuperPlane,europe,marketing,70000,16-05-2026,https://remoteok.com/remote-jobs/remote-devrel-content-creator-superplane-1131594,FALSE,Other,Physical,Other
dev_jobs,devrel content creator,SuperPlane,europe,devops,70000,16-05-2026,https://remoteok.com/remote-jobs/remote-devrel-content-creator-superplane-1131594,FALSE,Other,Physical,Other
dev_jobs,customer lifecycle automation manager @cxt software,CXT Software,worldwide,saas,,21-05-2026,https://remoteok.com/remote-jobs/remote-customer-lifecycle-automation-manager-cxt-software-cxt-software-1131624,TRUE,Remote,Remote,Other
dev_jobs,marketing copywriter,BIS Safety Software,canada,copywriter,,11-05-2026,https://remoteok.com/remote-jobs/remote-marketing-copywriter-bis-safety-software-1131528,FALSE,United States,Physical,Marketing & Growth
dev_jobs,marketing copywriter,BIS Safety Software,canada,saas,,11-05-2026,https://remoteok.com/remote-jobs/remote-marketing-copywriter-bis-safety-software-1131528,FALSE,United States,Physical,Marketing & Growth
dev_jobs,marketing copywriter,BIS Safety Software,canada,copywriting,,11-05-2026,https://remoteok.com/remote-jobs/remote-marketing-copywriter-bis-safety-software-1131528,FALSE,United States,Physical,Marketing & Growth
dev_jobs,marketing copywriter,BIS Safety Software,canada,seo,,11-05-2026,https://remoteok.com/remote-jobs/remote-marketing-copywriter-bis-safety-software-1131528,FALSE,United States,Physical,Marketing & Growth
dev_jobs,marketing copywriter,BIS Safety Software,canada,marketing,,11-05-2026,https://remoteok.com/remote-jobs/remote-marketing-copywriter-bis-safety-software-1131528,FALSE,United States,Physical,Marketing & Growth
dev_jobs,web development specialist,Marketers in Demand,worldwide,web developer,30000,10-05-2026,https://remoteok.com/remote-jobs/remote-web-development-specialist-marketers-in-demand-1131516,TRUE,Remote,Remote,Other
dev_jobs,sr account executive commercial accounts,Veeam Software,"dallas, tx",golang,,29-04-2026,https://remoteok.com/remote-jobs/remote-sr-account-executive-commercial-accounts-veeam-software-1131341,FALSE,United States,Physical,Sales & Business Development
dev_jobs,senior full stack react developer,Lemon.io,latin america,javascript,50000,29-04-2026,https://remoteok.com/remote-jobs/remote-senior-full-stack-react-developer-lemon-io-1131339,FALSE,United States,Physical,Software Engineering
dev_jobs,senior full stack react developer,Lemon.io,latin america,react,50000,29-04-2026,https://remoteok.com/remote-jobs/remote-senior-full-stack-react-developer-lemon-io-1131339,FALSE,United States,Physical,Software Engineering
dev_jobs,senior full stack react developer,Lemon.io,latin america,node,50000,29-04-2026,https://remoteok.com/remote-jobs/remote-senior-full-stack-react-developer-lemon-io-1131339,FALSE,United States,Physical,Software Engineering
dev_jobs,senior full stack react developer,Lemon.io,latin america,python,50000,29-04-2026,https://remoteok.com/remote-jobs/remote-senior-full-stack-react-developer-lemon-io-1131339,FALSE,United States,Physical,Software Engineering
dev_jobs,senior full stack react developer,Lemon.io,latin america,golang,50000,29-04-2026,https://remoteok.com/remote-jobs/remote-senior-full-stack-react-developer-lemon-io-1131339,FALSE,United States,Physical,Software Engineering
dev_jobs,senior full stack react developer,Lemon.io,latin america,full stack,50000,29-04-2026,https://remoteok.com/remote-jobs/remote-senior-full-stack-react-developer-lemon-io-1131339,FALSE,United States,Physical,Software Engineering
dev_jobs,software engineer,Sticker Mule,europe,docker,140000,24-04-2026,https://remoteok.com/remote-jobs/remote-software-engineer-sticker-mule-1093738,FALSE,Other,Physical,Software Engineering
dev_jobs,software engineer,Sticker Mule,europe,redis,140000,24-04-2026,https://remoteok.com/remote-jobs/remote-software-engineer-sticker-mule-1093738,FALSE,Other,Physical,Software Engineering
dev_jobs,software engineer,Sticker Mule,europe,gcp,140000,24-04-2026,https://remoteok.com/remote-jobs/remote-software-engineer-sticker-mule-1093738,FALSE,Other,Physical,Software Engineering
dev_jobs,software engineer,Sticker Mule,europe,postgresql,140000,24-04-2026,https://remoteok.com/remote-jobs/remote-software-engineer-sticker-mule-1093738,FALSE,Other,Physical,Software Engineering
dev_jobs,software engineer,Sticker Mule,europe,kubernetes,140000,24-04-2026,https://remoteok.com/remote-jobs/remote-software-engineer-sticker-mule-1093738,FALSE,Other,Physical,Software Engineering
dev_jobs,senior sales systems engineer,Veeam Software,massachusetts,golang,,22-03-2026,https://remoteok.com/remote-jobs/remote-senior-sales-systems-engineer-veeam-software-1130793,FALSE,Other,Physical,Sales & Business Development
dev_jobs,senior sales engineer data & ai security,Veeam Software,"saint louis, mo, usa",golang,,22-03-2026,https://remoteok.com/remote-jobs/remote-senior-sales-engineer-data-ai-security-veeam-software-1130787,FALSE,United States,Physical,Sales & Business Development
dev_jobs,sales systems engineer,Veeam Software,"san jose, ca, usa",golang,,22-02-2026,https://remoteok.com/remote-jobs/remote-sales-systems-engineer-veeam-software-1130451,FALSE,United States,Physical,Sales & Business Development
dev_jobs,product & application security engineer,Veeam Software,united states,golang,,22-02-2026,https://remoteok.com/remote-jobs/remote-product-application-security-engineer-veeam-software-1130399,FALSE,United States,Physical,Cybersecurity
dev_jobs,regulatory & product counsel,Lucid Software,worldwide,legal,,22-02-2026,https://remoteok.com/remote-jobs/remote-regulatory-product-counsel-lucid-software-1130293,TRUE,Remote,Remote,Legal & Compliance
dev_jobs,senior director customer success product portfolio management,Veeam Software,united states,golang,,22-02-2026,https://remoteok.com/remote-jobs/remote-senior-director-customer-success-product-portfolio-management-veeam-software-1130165,FALSE,United States,Physical,Customer Support & Success
dev_jobs,senior staff platform engineer,Veeam Software,united states,microsoft,,22-02-2026,https://remoteok.com/remote-jobs/remote-senior-staff-platform-engineer-veeam-software-1130163,FALSE,United States,Physical,DevOps & Cloud
dev_jobs,senior staff platform engineer,Veeam Software,united states,golang,,22-02-2026,https://remoteok.com/remote-jobs/remote-senior-staff-platform-engineer-veeam-software-1130163,FALSE,United States,Physical,DevOps & Cloud
dev_jobs,senior sales engineer data & ai security,Veeam Software,netherlands,golang,,22-01-2026,https://remoteok.com/remote-jobs/remote-senior-sales-engineer-data-ai-security-veeam-software-1130074,FALSE,Netherlands,Physical,Sales & Business Development
dev_jobs,senior solution architect gsi,Veeam Software,united states,golang,,22-01-2026,https://remoteok.com/remote-jobs/remote-senior-solution-architect-gsi-veeam-software-1129817,FALSE,United States,Physical,Consulting & Solutions
dev_jobs,ml ai ops engineer,Veeam Software,costa rica,golang,,22-01-2026,https://remoteok.com/remote-jobs/remote-ml-ai-ops-engineer-veeam-software-1129816,FALSE,United States,Physical,Other
dev_jobs,senior data science engineer,Veeam Software,costa rica,golang,,22-01-2026,https://remoteok.com/remote-jobs/remote-senior-data-science-engineer-veeam-software-1129814,FALSE,United States,Physical,Data Science & AI
dev_jobs,lead account executive enterprise sales,Veeam Software,worldwide,golang,,22-01-2026,https://remoteok.com/remote-jobs/remote-lead-account-executive-enterprise-sales-veeam-software-1129789,TRUE,Remote,Remote,Sales & Business Development
dev_jobs,senior systems engineer,Veeam Software,"remote, united kingdom",golang,,22-11-2025,https://remoteok.com/remote-jobs/remote-senior-systems-engineer-veeam-software-1129105,TRUE,Remote,Remote,Networking & Infrastructure
dev_jobs,director of payments u.s. canada,Banyan Software,toronto,embedded,,22-10-2025,https://remoteok.com/remote-jobs/remote-director-of-payments-u-s-canada-banyan-software-1128873,FALSE,Canada,Physical,Other
dev_jobs,director of payments u.s. canada,Banyan Software,toronto,fintech,,22-10-2025,https://remoteok.com/remote-jobs/remote-director-of-payments-u-s-canada-banyan-software-1128873,FALSE,Canada,Physical,Other
dev_jobs,director of payments u.s. canada,Banyan Software,toronto,legal,,22-10-2025,https://remoteok.com/remote-jobs/remote-director-of-payments-u-s-canada-banyan-software-1128873,FALSE,Canada,Physical,Other
dev_jobs,global compensation coe director,Veeam Software,north carolina,golang,,22-10-2025,https://remoteok.com/remote-jobs/remote-global-compensation-coe-director-veeam-software-1128574,FALSE,United States,Physical,Other
dev_jobs,inside partner manager est,Veeam Software,united states,golang,,22-10-2025,https://remoteok.com/remote-jobs/remote-inside-partner-manager-est-veeam-software-1128464,FALSE,United States,Physical,Other
dev_jobs,strategic account manager,Veeam Software,"remote, georgia, usa",golang,,22-10-2025,https://remoteok.com/remote-jobs/remote-strategic-account-manager-veeam-software-1128347,TRUE,Remote,Remote,Other
dev_jobs,senior staff ruby on rails engineer,Housecall Pro,brazil,ruby,90000,22-08-2025,https://remoteok.com/remote-jobs/remote-senior-staff-ruby-on-rails-engineer-housecall-pro-1093828,FALSE,Other,Physical,Software Engineering
dev_jobs,fullstack engineer,NTD software,latin america,react,,22-08-2025,https://remoteok.com/remote-jobs/remote-fullstack-engineer-ntd-software-1093802,FALSE,United States,Physical,Other
dev_jobs,fullstack engineer,NTD software,latin america,devops,,22-08-2025,https://remoteok.com/remote-jobs/remote-fullstack-engineer-ntd-software-1093802,FALSE,United States,Physical,Other
dev_jobs,fullstack engineer,NTD software,latin america,javascript,,22-08-2025,https://remoteok.com/remote-jobs/remote-fullstack-engineer-ntd-software-1093802,FALSE,United States,Physical,Other
dev_jobs,fullstack engineer,NTD software,latin america,css,,22-08-2025,https://remoteok.com/remote-jobs/remote-fullstack-engineer-ntd-software-1093802,FALSE,United States,Physical,Other
dev_jobs,fullstack engineer,NTD software,latin america,full stack,,22-08-2025,https://remoteok.com/remote-jobs/remote-fullstack-engineer-ntd-software-1093802,FALSE,United States,Physical,Other
analyst_jobs,crypto trader,Maidel Group,worldwide,cryptocurrency,40000,13-05-2026,https://remoteok.com/remote-jobs/remote-crypto-trader-maidel-group-1131541,TRUE,Remote,Remote,Other
analyst_jobs,business analyst,Judi Health,denver,ux,,16-05-2026,https://remoteok.com/remote-jobs/remote-business-analyst-judi-health-1131587,FALSE,United States,Physical,Operations & Strategy
analyst_jobs,capture analyst,Altarum,united states,edu,,16-05-2026,https://remoteok.com/remote-jobs/remote-capture-analyst-altarum-1131585,FALSE,United States,Physical,Data Analyst
analyst_jobs,contract mandarin document review attorney,"Contact Government Services,",worldwide,legal,,14-05-2026,https://remoteok.com/remote-jobs/remote-contract-mandarin-document-review-attorney-contact-government-services-llc-1131564,TRUE,Remote,Remote,Legal & Compliance
analyst_jobs,technical solutions analyst,Varicent,merida,saas,,14-05-2026,https://remoteok.com/remote-jobs/remote-technical-solutions-analyst-varicent-1131557,FALSE,Other,Physical,Consulting & Solutions
analyst_jobs,business analyst,"Contact Government Services,",worldwide,jira,,07-05-2026,https://remoteok.com/remote-jobs/remote-business-analyst-contact-government-services-llc-1131467,TRUE,Remote,Remote,Operations & Strategy
analyst_jobs,business analyst,"Contact Government Services,",worldwide,microsoft,,07-05-2026,https://remoteok.com/remote-jobs/remote-business-analyst-contact-government-services-llc-1131467,TRUE,Remote,Remote,Operations & Strategy
analyst_jobs,data conversion developer,Grant Street Group,united states,perl,,04-05-2026,https://remoteok.com/remote-jobs/remote-data-conversion-developer-grant-street-group-1131433,TRUE,United States,Remote,Software Engineering
analyst_jobs,data conversion developer,Grant Street Group,united states,mysql,,04-05-2026,https://remoteok.com/remote-jobs/remote-data-conversion-developer-grant-street-group-1131433,TRUE,United States,Remote,Software Engineering
analyst_jobs,data conversion developer,Grant Street Group,united states,linux,,04-05-2026,https://remoteok.com/remote-jobs/remote-data-conversion-developer-grant-street-group-1131433,TRUE,United States,Remote,Software Engineering
analyst_jobs,legal data analyst junior vaga afirmativa para pcd,Jusbrasil,belo horizonte ou salvador,legal,,02-05-2026,https://remoteok.com/remote-jobs/remote-legal-data-analyst-junior-vaga-afirmativa-para-pcd-jusbrasil-1131393,FALSE,Other,Physical,Legal & Compliance
analyst_jobs,senior financial analyst digital assets,Exodus Movement,worldwide,cryptocurrency,,01-05-2026,https://remoteok.com/remote-jobs/remote-senior-financial-analyst-digital-assets-exodus-movement-inc-1131374,TRUE,Remote,Remote,Finance & Accounting
analyst_jobs,business analyst,Toastmasters International,"englewood, co",consulatancy,,29-04-2026,https://remoteok.com/remote-jobs/remote-business-analyst-toastmasters-international-1131343,FALSE,Other,Physical,Operations & Strategy
analyst_jobs,business analyst,Toastmasters International,"englewood, co",testing,,29-04-2026,https://remoteok.com/remote-jobs/remote-business-analyst-toastmasters-international-1131343,FALSE,Other,Physical,Operations & Strategy
analyst_jobs,business analyst,Toastmasters International,"englewood, co",golang,,29-04-2026,https://remoteok.com/remote-jobs/remote-business-analyst-toastmasters-international-1131343,FALSE,Other,Physical,Operations & Strategy
analyst_jobs,data engineer,Pivotal Health,los angeles,salesforce,,26-04-2026,https://remoteok.com/remote-jobs/remote-data-engineer-pivotal-health-1131305,FALSE,Other,Physical,Data Engineering
analyst_jobs,data engineer,Pivotal Health,los angeles,python,,26-04-2026,https://remoteok.com/remote-jobs/remote-data-engineer-pivotal-health-1131305,FALSE,Other,Physical,Data Engineering
analyst_jobs,data engineer,Pivotal Health,los angeles,devops,,26-04-2026,https://remoteok.com/remote-jobs/remote-data-engineer-pivotal-health-1131305,FALSE,Other,Physical,Data Engineering
analyst_jobs,data engineer,Pivotal Health,los angeles,postgresql,,26-04-2026,https://remoteok.com/remote-jobs/remote-data-engineer-pivotal-health-1131305,FALSE,Other,Physical,Data Engineering
analyst_jobs,technical support analyst,Yuno,worldwide,api,,22-04-2026,https://remoteok.com/remote-jobs/remote-technical-support-analyst-yuno-1131151,TRUE,Remote,Remote,Customer Support & Success
analyst_jobs,marketing operations analyst,Xapo Bank,united kingdom,marketing,,22-04-2026,https://remoteok.com/remote-jobs/remote-marketing-operations-analyst-xapo-bank-1131093,FALSE,United Kingdom,Physical,Marketing & Growth
analyst_jobs,cyber security analyst,Trilogy Federal,"arlington, va",testing,,22-04-2026,https://remoteok.com/remote-jobs/remote-cyber-security-analyst-trilogy-federal-1131069,FALSE,Other,Physical,Cybersecurity
analyst_jobs,senior fincrime support analyst,Apron,krakow,fintech,,22-04-2026,https://remoteok.com/remote-jobs/remote-senior-fincrime-support-analyst-apron-1131067,FALSE,Other,Physical,Customer Support & Success
analyst_jobs,english contract attorney,"Contact Government Services,",worldwide,legal,,22-04-2026,https://remoteok.com/remote-jobs/remote-english-contract-attorney-contact-government-services-llc-1131014,TRUE,Remote,Remote,Legal & Compliance
analyst_jobs,fraud waste and abuse data analyst,HHAeXchange,united states,embedded,,22-04-2026,https://remoteok.com/remote-jobs/remote-fraud-waste-and-abuse-data-analyst-hhaexchange-1131012,FALSE,United States,Physical,Data Analyst
analyst_jobs,fraud waste and abuse data analyst,HHAeXchange,united states,coder,,22-04-2026,https://remoteok.com/remote-jobs/remote-fraud-waste-and-abuse-data-analyst-hhaexchange-1131012,FALSE,United States,Physical,Data Analyst
analyst_jobs,revops ai analyst intern,Actian,usremote,salesforce,,22-04-2026,https://remoteok.com/remote-jobs/remote-revops-ai-analyst-intern-actian-corporation-1130997,TRUE,Remote,Remote,Data Analyst
analyst_jobs,revops ai analyst intern,Actian,usremote,testing,,22-04-2026,https://remoteok.com/remote-jobs/remote-revops-ai-analyst-intern-actian-corporation-1130997,TRUE,Remote,Remote,Data Analyst
analyst_jobs,data analyst,World Golf Tour (WGT),san francisco,python,,22-03-2026,https://remoteok.com/remote-jobs/remote-data-analyst-world-golf-tour-wgt-1130952,FALSE,Other,Physical,Data Analyst
analyst_jobs,data analyst,World Golf Tour (WGT),san francisco,gaming,,22-03-2026,https://remoteok.com/remote-jobs/remote-data-analyst-world-golf-tour-wgt-1130952,FALSE,Other,Physical,Data Analyst
analyst_jobs,data analyst,World Golf Tour (WGT),san francisco,excel,,22-03-2026,https://remoteok.com/remote-jobs/remote-data-analyst-world-golf-tour-wgt-1130952,FALSE,Other,Physical,Data Analyst
analyst_jobs,financial crimes analyst i,Dave,worldwide,fintech,,22-03-2026,https://remoteok.com/remote-jobs/remote-financial-crimes-analyst-i-dave-1130845,TRUE,Remote,Remote,Data Analyst
analyst_jobs,vp corporate marketing brand & communications,Blackpoint Cyber,worldwide,c,,22-03-2026,https://remoteok.com/remote-jobs/remote-vp-corporate-marketing-brand-communications-blackpoint-cyber-1130780,TRUE,Remote,Remote,Marketing & Growth
analyst_jobs,vp corporate marketing brand & communications,Blackpoint Cyber,worldwide,marketing,,22-03-2026,https://remoteok.com/remote-jobs/remote-vp-corporate-marketing-brand-communications-blackpoint-cyber-1130780,TRUE,Remote,Remote,Marketing & Growth
analyst_jobs,payroll analyst,Whatnot,new york,excel,,22-03-2026,https://remoteok.com/remote-jobs/remote-payroll-analyst-whatnot-1130765,FALSE,United States,Physical,Finance & Accounting
analyst_jobs,data analyst,Marketing Architects,worldwide,marketing,,22-03-2026,https://remoteok.com/remote-jobs/remote-data-analyst-marketing-architects-1130731,TRUE,Remote,Remote,Data Analyst
analyst_jobs,data analyst,Marketing Architects,worldwide,golang,,22-03-2026,https://remoteok.com/remote-jobs/remote-data-analyst-marketing-architects-1130731,TRUE,Remote,Remote,Data Analyst
analyst_jobs,senior data analyst,Velir,worldwide,consultancy,,22-02-2026,https://remoteok.com/remote-jobs/remote-senior-data-analyst-velir-1130650,TRUE,Remote,Remote,Data Analyst
analyst_jobs,sales enablement analyst broker api,Alpaca,worldwide,cryptocurrency,,22-02-2026,https://remoteok.com/remote-jobs/remote-sales-enablement-analyst-broker-api-alpaca-1130642,TRUE,Remote,Remote,Sales & Business Development
analyst_jobs,sales enablement analyst broker api,Alpaca,worldwide,fintech,,22-02-2026,https://remoteok.com/remote-jobs/remote-sales-enablement-analyst-broker-api-alpaca-1130642,TRUE,Remote,Remote,Sales & Business Development
analyst_jobs,sales enablement analyst broker api,Alpaca,worldwide,api,,22-02-2026,https://remoteok.com/remote-jobs/remote-sales-enablement-analyst-broker-api-alpaca-1130642,TRUE,Remote,Remote,Sales & Business Development
analyst_jobs,senior open source intelligence analyst,Concentric Advisors,"seattle, washington",embedded,,22-02-2026,https://remoteok.com/remote-jobs/remote-senior-open-source-intelligence-analyst-concentric-advisors-1130628,FALSE,United States,Physical,Data Analyst
analyst_jobs,senior open source intelligence analyst,Concentric Advisors,"seattle, washington",consultancy,,22-02-2026,https://remoteok.com/remote-jobs/remote-senior-open-source-intelligence-analyst-concentric-advisors-1130628,FALSE,United States,Physical,Data Analyst
analyst_jobs,saas configuration analyst,Coderio,worldwide,saas,,22-02-2026,https://remoteok.com/remote-jobs/remote-saas-configuration-analyst-coderio-1130452,TRUE,Remote,Remote,Data Analyst
analyst_jobs,saas configuration analyst,Coderio,worldwide,test,,22-02-2026,https://remoteok.com/remote-jobs/remote-saas-configuration-analyst-coderio-1130452,TRUE,Remote,Remote,Data Analyst
analyst_jobs,product marketing manager,Lumivero,united states,marketing,,22-02-2026,https://remoteok.com/remote-jobs/remote-product-marketing-manager-lumivero-1130273,FALSE,United States,Physical,Marketing & Growth
analyst_jobs,soc analyst,Keyrock,worldwide,saas,,22-02-2026,https://remoteok.com/remote-jobs/remote-soc-analyst-keyrock-1130231,TRUE,Remote,Remote,Cybersecurity
analyst_jobs,soc analyst,Keyrock,worldwide,web3,,22-02-2026,https://remoteok.com/remote-jobs/remote-soc-analyst-keyrock-1130231,TRUE,Remote,Remote,Cybersecurity
analyst_jobs,soc analyst,Keyrock,worldwide,defi,,22-02-2026,https://remoteok.com/remote-jobs/remote-soc-analyst-keyrock-1130231,TRUE,Remote,Remote,Cybersecurity
analyst_jobs,soc analyst,Keyrock,worldwide,nft,,22-02-2026,https://remoteok.com/remote-jobs/remote-soc-analyst-keyrock-1130231,TRUE,Remote,Remote,Cybersecurity
analyst_jobs,soc analyst,Keyrock,worldwide,api,,22-02-2026,https://remoteok.com/remote-jobs/remote-soc-analyst-keyrock-1130231,TRUE,Remote,Remote,Cybersecurity
analyst_jobs,senior paid search analyst,Unlock Health,"chicago, illinois, united states nashville, tennessee, united states remote",microsoft,,22-02-2026,https://remoteok.com/remote-jobs/remote-senior-paid-search-analyst-unlock-health-1130210,TRUE,Remote,Remote,Data Analyst
machine_learning_jobs,senior marketing manager paid ads,Acebet.com,worldwide,marketing,200000,20-05-2026,https://remoteok.com/remote-jobs/remote-senior-marketing-manager-paid-ads-acebet-com-1129629,TRUE,Remote,Remote,Marketing & Growth
machine_learning_jobs,devrel content creator,SuperPlane,europe,marketing,70000,16-05-2026,https://remoteok.com/remote-jobs/remote-devrel-content-creator-superplane-1131594,FALSE,Other,Physical,Other
machine_learning_jobs,devrel content creator,SuperPlane,europe,devops,70000,16-05-2026,https://remoteok.com/remote-jobs/remote-devrel-content-creator-superplane-1131594,FALSE,Other,Physical,Other
machine_learning_jobs,intern sd engineer,Copious,india,salesforce,,21-05-2026,https://remoteok.com/remote-jobs/remote-intern-sd-engineer-copious-1131629,FALSE,India,Physical,Other
machine_learning_jobs,intern sd engineer,Copious,india,firebase,,21-05-2026,https://remoteok.com/remote-jobs/remote-intern-sd-engineer-copious-1131629,FALSE,India,Physical,Other
machine_learning_jobs,intern sd engineer,Copious,india,typescript,,21-05-2026,https://remoteok.com/remote-jobs/remote-intern-sd-engineer-copious-1131629,FALSE,India,Physical,Other
machine_learning_jobs,member of technical staff applied ml recsys,Liquid AI,cambridge,python,,21-05-2026,https://remoteok.com/remote-jobs/remote-member-of-technical-staff-applied-ml-recsys-liquid-ai-1131627,FALSE,United States,Physical,Other
machine_learning_jobs,software engineer platform,Benchling,worldwide,node,,21-05-2026,https://remoteok.com/remote-jobs/remote-software-engineer-platform-benchling-1131626,TRUE,Remote,Remote,Software Engineering
machine_learning_jobs,software engineer platform,Benchling,worldwide,excel,,21-05-2026,https://remoteok.com/remote-jobs/remote-software-engineer-platform-benchling-1131626,TRUE,Remote,Remote,Software Engineering
machine_learning_jobs,software engineer platform,Benchling,worldwide,biotech,,21-05-2026,https://remoteok.com/remote-jobs/remote-software-engineer-platform-benchling-1131626,TRUE,Remote,Remote,Software Engineering
machine_learning_jobs,customer lifecycle automation manager @cxt software,CXT Software,worldwide,saas,,21-05-2026,https://remoteok.com/remote-jobs/remote-customer-lifecycle-automation-manager-cxt-software-cxt-software-1131624,TRUE,Remote,Remote,Other
machine_learning_jobs,accountant asset manager a312,Pearl,worldwide,accounting,,21-05-2026,https://remoteok.com/remote-jobs/remote-accountant-asset-manager-a312-pearl-1131622,TRUE,Remote,Remote,Finance & Accounting
machine_learning_jobs,accountant asset manager a312,Pearl,worldwide,bookkeeping,,21-05-2026,https://remoteok.com/remote-jobs/remote-accountant-asset-manager-a312-pearl-1131622,TRUE,Remote,Remote,Finance & Accounting
machine_learning_jobs,accountant asset manager a312,Pearl,worldwide,bank,,21-05-2026,https://remoteok.com/remote-jobs/remote-accountant-asset-manager-a312-pearl-1131622,TRUE,Remote,Remote,Finance & Accounting
machine_learning_jobs,accountant asset manager a312,Pearl,worldwide,microsoft,,21-05-2026,https://remoteok.com/remote-jobs/remote-accountant-asset-manager-a312-pearl-1131622,TRUE,Remote,Remote,Finance & Accounting
machine_learning_jobs,accountant asset manager a312,Pearl,worldwide,recruiting,,21-05-2026,https://remoteok.com/remote-jobs/remote-accountant-asset-manager-a312-pearl-1131622,TRUE,Remote,Remote,Finance & Accounting
machine_learning_jobs,crypto trader,Maidel Group,worldwide,cryptocurrency,40000,13-05-2026,https://remoteok.com/remote-jobs/remote-crypto-trader-maidel-group-1131541,TRUE,Remote,Remote,Other
machine_learning_jobs,meta ads manager + creative producer ai native,singularads.com,poland,marketing,20000,13-05-2026,https://remoteok.com/remote-jobs/remote-meta-ads-manager-creative-producer-ai-native-singularads-com-1131538,FALSE,Poland,Physical,Marketing & Growth
machine_learning_jobs,meta ads manager + creative producer ai native,singularads.com,poland,ads,20000,13-05-2026,https://remoteok.com/remote-jobs/remote-meta-ads-manager-creative-producer-ai-native-singularads-com-1131538,FALSE,Poland,Physical,Marketing & Growth
machine_learning_jobs,meta ads manager + creative producer ai native,singularads.com,poland,ai,20000,13-05-2026,https://remoteok.com/remote-jobs/remote-meta-ads-manager-creative-producer-ai-native-singularads-com-1131538,FALSE,Poland,Physical,Marketing & Growth
machine_learning_jobs,senior database reliability engineer,Cloudlinux,worldwide,redis,,18-05-2026,https://remoteok.com/remote-jobs/remote-senior-database-reliability-engineer-cloudlinux-1131613,TRUE,Remote,Remote,Other
machine_learning_jobs,senior database reliability engineer,Cloudlinux,worldwide,ansible,,18-05-2026,https://remoteok.com/remote-jobs/remote-senior-database-reliability-engineer-cloudlinux-1131613,TRUE,Remote,Remote,Other
machine_learning_jobs,senior database reliability engineer,Cloudlinux,worldwide,postgresql,,18-05-2026,https://remoteok.com/remote-jobs/remote-senior-database-reliability-engineer-cloudlinux-1131613,TRUE,Remote,Remote,Other
machine_learning_jobs,senior database reliability engineer,Cloudlinux,worldwide,database admin,,18-05-2026,https://remoteok.com/remote-jobs/remote-senior-database-reliability-engineer-cloudlinux-1131613,TRUE,Remote,Remote,Other
machine_learning_jobs,senior database reliability engineer,Cloudlinux,worldwide,linux,,18-05-2026,https://remoteok.com/remote-jobs/remote-senior-database-reliability-engineer-cloudlinux-1131613,TRUE,Remote,Remote,Other
machine_learning_jobs,it support technician,Avalere Health,london,marketing,,18-05-2026,https://remoteok.com/remote-jobs/remote-it-support-technician-avalere-health-1131612,FALSE,United Kingdom,Physical,Customer Support & Success
machine_learning_jobs,forward deployed engineer agentic platform,Cohere,worldwide,python,,18-05-2026,https://remoteok.com/remote-jobs/remote-forward-deployed-engineer-agentic-platform-cohere-1131611,TRUE,Remote,Remote,Other
machine_learning_jobs,forward deployed engineer agentic platform,Cohere,worldwide,excel,,18-05-2026,https://remoteok.com/remote-jobs/remote-forward-deployed-engineer-agentic-platform-cohere-1131611,TRUE,Remote,Remote,Other
machine_learning_jobs,sr solution architect consultant sales engineer,Cyara,united states,testing,,18-05-2026,https://remoteok.com/remote-jobs/remote-sr-solution-architect-consultant-sales-engineer-cyara-1131610,FALSE,United States,Physical,Sales & Business Development
machine_learning_jobs,operations manager a379,Pearl,worldwide,test,,18-05-2026,https://remoteok.com/remote-jobs/remote-operations-manager-a379-pearl-1131609,TRUE,Remote,Remote,Operations & Strategy
machine_learning_jobs,operations manager a379,Pearl,worldwide,bookkeeping,,18-05-2026,https://remoteok.com/remote-jobs/remote-operations-manager-a379-pearl-1131609,TRUE,Remote,Remote,Operations & Strategy
machine_learning_jobs,operations manager a379,Pearl,worldwide,microsoft,,18-05-2026,https://remoteok.com/remote-jobs/remote-operations-manager-a379-pearl-1131609,TRUE,Remote,Remote,Operations & Strategy
machine_learning_jobs,operations manager a379,Pearl,worldwide,excel,,18-05-2026,https://remoteok.com/remote-jobs/remote-operations-manager-a379-pearl-1131609,TRUE,Remote,Remote,Operations & Strategy
machine_learning_jobs,operations manager a379,Pearl,worldwide,recruiting,,18-05-2026,https://remoteok.com/remote-jobs/remote-operations-manager-a379-pearl-1131609,TRUE,Remote,Remote,Operations & Strategy
machine_learning_jobs,operations manager a379,Pearl,worldwide,ecommerce,,18-05-2026,https://remoteok.com/remote-jobs/remote-operations-manager-a379-pearl-1131609,TRUE,Remote,Remote,Operations & Strategy
machine_learning_jobs,operations manager a379,Pearl,worldwide,shopify,,18-05-2026,https://remoteok.com/remote-jobs/remote-operations-manager-a379-pearl-1131609,TRUE,Remote,Remote,Operations & Strategy
machine_learning_jobs,senior cro manager growth optimization lead for us dtc company,Paired,worldwide,react,,18-05-2026,https://remoteok.com/remote-jobs/remote-senior-cro-manager-growth-optimization-lead-for-us-dtc-company-paired-1131608,TRUE,Remote,Remote,Marketing & Growth
machine_learning_jobs,senior cro manager growth optimization lead for us dtc company,Paired,worldwide,swift,,18-05-2026,https://remoteok.com/remote-jobs/remote-senior-cro-manager-growth-optimization-lead-for-us-dtc-company-paired-1131608,TRUE,Remote,Remote,Marketing & Growth
machine_learning_jobs,senior cro manager growth optimization lead for us dtc company,Paired,worldwide,testing,,18-05-2026,https://remoteok.com/remote-jobs/remote-senior-cro-manager-growth-optimization-lead-for-us-dtc-company-paired-1131608,TRUE,Remote,Remote,Marketing & Growth
machine_learning_jobs,senior cro manager growth optimization lead for us dtc company,Paired,worldwide,test,,18-05-2026,https://remoteok.com/remote-jobs/remote-senior-cro-manager-growth-optimization-lead-for-us-dtc-company-paired-1131608,TRUE,Remote,Remote,Marketing & Growth
machine_learning_jobs,senior cro manager growth optimization lead for us dtc company,Paired,worldwide,ux,,18-05-2026,https://remoteok.com/remote-jobs/remote-senior-cro-manager-growth-optimization-lead-for-us-dtc-company-paired-1131608,TRUE,Remote,Remote,Marketing & Growth
machine_learning_jobs,senior cro manager growth optimization lead for us dtc company,Paired,worldwide,recruiting,,18-05-2026,https://remoteok.com/remote-jobs/remote-senior-cro-manager-growth-optimization-lead-for-us-dtc-company-paired-1131608,TRUE,Remote,Remote,Marketing & Growth
machine_learning_jobs,senior cro manager growth optimization lead for us dtc company,Paired,worldwide,ecommerce,,18-05-2026,https://remoteok.com/remote-jobs/remote-senior-cro-manager-growth-optimization-lead-for-us-dtc-company-paired-1131608,TRUE,Remote,Remote,Marketing & Growth
machine_learning_jobs,senior cro manager growth optimization lead for us dtc company,Paired,worldwide,shopify,,18-05-2026,https://remoteok.com/remote-jobs/remote-senior-cro-manager-growth-optimization-lead-for-us-dtc-company-paired-1131608,TRUE,Remote,Remote,Marketing & Growth
machine_learning_jobs,us tax law ai specialist,Weekday,india,legal,,17-05-2026,https://remoteok.com/remote-jobs/remote-us-tax-law-ai-specialist-weekday-1131606,FALSE,India,Physical,Data Science & AI
machine_learning_jobs,sales development representative inbound,Yuno,worldwide,salesforce,,17-05-2026,https://remoteok.com/remote-jobs/remote-sales-development-representative-inbound-yuno-1131605,TRUE,Remote,Remote,Sales & Business Development
machine_learning_jobs,sales development representative inbound,Yuno,worldwide,excel,,17-05-2026,https://remoteok.com/remote-jobs/remote-sales-development-representative-inbound-yuno-1131605,TRUE,Remote,Remote,Sales & Business Development
machine_learning_jobs,senior accountant,Volt,"bethesda, md",saas,,17-05-2026,https://remoteok.com/remote-jobs/remote-senior-accountant-volt-1131601,FALSE,Other,Physical,Finance & Accounting
machine_learning_jobs,senior accountant,Volt,"bethesda, md",accounting,,17-05-2026,https://remoteok.com/remote-jobs/remote-senior-accountant-volt-1131601,FALSE,Other,Physical,Finance & Accounting
machine_learning_jobs,senior accountant,Volt,"bethesda, md",c,,17-05-2026,https://remoteok.com/remote-jobs/remote-senior-accountant-volt-1131601,FALSE,Other,Physical,Finance & Accounting
machine_learning_jobs,senior accountant,Volt,"bethesda, md",legal,,17-05-2026,https://remoteok.com/remote-jobs/remote-senior-accountant-volt-1131601,FALSE,Other,Physical,Finance & Accounting
machine_learning_jobs,application support engineer,Cresta,worldwide,consulting,,16-05-2026,https://remoteok.com/remote-jobs/remote-application-support-engineer-cresta-1131596,TRUE,Remote,Remote,Customer Support & Success
machine_learning_jobs,application support engineer,Cresta,worldwide,api,,16-05-2026,https://remoteok.com/remote-jobs/remote-application-support-engineer-cresta-1131596,TRUE,Remote,Remote,Customer Support & Success
machine_learning_jobs,senior golang developer,TRE ALTAMIRA Srl,worldwide,golang,,16-05-2026,https://remoteok.com/remote-jobs/remote-senior-golang-developer-tre-altamira-srl-1131593,TRUE,Remote,Remote,Software Engineering
machine_learning_jobs,software engineer,Sticker Mule,europe,golang,150000,16-05-2026,https://remoteok.com/remote-jobs/remote-software-engineer-sticker-mule-1131592,FALSE,Other,Physical,Software Engineering
machine_learning_jobs,software engineer,Sticker Mule,europe,docker,150000,16-05-2026,https://remoteok.com/remote-jobs/remote-software-engineer-sticker-mule-1131592,FALSE,Other,Physical,Software Engineering
machine_learning_jobs,software engineer,Sticker Mule,europe,redis,150000,16-05-2026,https://remoteok.com/remote-jobs/remote-software-engineer-sticker-mule-1131592,FALSE,Other,Physical,Software Engineering
machine_learning_jobs,software engineer,Sticker Mule,europe,gcp,150000,16-05-2026,https://remoteok.com/remote-jobs/remote-software-engineer-sticker-mule-1131592,FALSE,Other,Physical,Software Engineering
machine_learning_jobs,software engineer,Sticker Mule,europe,postgresql,150000,16-05-2026,https://remoteok.com/remote-jobs/remote-software-engineer-sticker-mule-1131592,FALSE,Other,Physical,Software Engineering
machine_learning_jobs,it support technician,Avalere Health,washington dc,microsoft,,16-05-2026,https://remoteok.com/remote-jobs/remote-it-support-technician-avalere-health-1131591,FALSE,United States,Physical,Customer Support & Success
machine_learning_jobs,it support technician,Avalere Health,washington dc,marketing,,16-05-2026,https://remoteok.com/remote-jobs/remote-it-support-technician-avalere-health-1131591,FALSE,United States,Physical,Customer Support & Success
machine_learning_jobs,account supervisor,Avalere Health,worldwide,marketing,,16-05-2026,https://remoteok.com/remote-jobs/remote-account-supervisor-avalere-health-1131590,TRUE,Remote,Remote,Other
machine_learning_jobs,product manager,Cosuno,berlin,saas,,16-05-2026,https://remoteok.com/remote-jobs/remote-product-manager-cosuno-1131589,FALSE,Other,Physical,Product Management
machine_learning_jobs,product manager,Cosuno,berlin,marketing,,16-05-2026,https://remoteok.com/remote-jobs/remote-product-manager-cosuno-1131589,FALSE,Other,Physical,Product Management
machine_learning_jobs,staff engineer platform engineering,HighLevel,india,saas,,16-05-2026,https://remoteok.com/remote-jobs/remote-staff-engineer-platform-engineering-highlevel-1131588,FALSE,India,Physical,DevOps & Cloud
machine_learning_jobs,staff engineer platform engineering,HighLevel,india,nodejs,,16-05-2026,https://remoteok.com/remote-jobs/remote-staff-engineer-platform-engineering-highlevel-1131588,FALSE,India,Physical,DevOps & Cloud
machine_learning_jobs,staff engineer platform engineering,HighLevel,india,api,,16-05-2026,https://remoteok.com/remote-jobs/remote-staff-engineer-platform-engineering-highlevel-1131588,FALSE,India,Physical,DevOps & Cloud
machine_learning_jobs,staff engineer platform engineering,HighLevel,india,legal,,16-05-2026,https://remoteok.com/remote-jobs/remote-staff-engineer-platform-engineering-highlevel-1131588,FALSE,India,Physical,DevOps & Cloud
machine_learning_jobs,business analyst,Judi Health,denver,ux,,16-05-2026,https://remoteok.com/remote-jobs/remote-business-analyst-judi-health-1131587,FALSE,United States,Physical,Operations & Strategy
machine_learning_jobs,capture analyst,Altarum,united states,edu,,16-05-2026,https://remoteok.com/remote-jobs/remote-capture-analyst-altarum-1131585,FALSE,United States,Physical,Data Analyst
machine_learning_jobs,business immigration paralegal latam,HireHawk,worldwide,legal,,16-05-2026,https://remoteok.com/remote-jobs/remote-business-immigration-paralegal-latam-hirehawk-1131582,TRUE,Remote,Remote,Legal & Compliance
machine_learning_jobs,chief revenue officer,"ContinuumGlobal,",united states,saas,,15-05-2026,https://remoteok.com/remote-jobs/remote-chief-revenue-officer-continuumglobal-inc-1131579,TRUE,United States,Remote,Sales & Business Development
machine_learning_jobs,chief revenue officer,"ContinuumGlobal,",united states,marketing,,15-05-2026,https://remoteok.com/remote-jobs/remote-chief-revenue-officer-continuumglobal-inc-1131579,TRUE,United States,Remote,Sales & Business Development
machine_learning_jobs,senior software engineer,CentralReach,united states,saas,,15-05-2026,https://remoteok.com/remote-jobs/remote-senior-software-engineer-centralreach-1131578,TRUE,United States,Remote,Software Engineering
machine_learning_jobs,business development representative,Sprinto,india,saas,,15-05-2026,https://remoteok.com/remote-jobs/remote-business-development-representative-sprinto-1131577,FALSE,India,Physical,Sales & Business Development
machine_learning_jobs,business development representative,Sprinto,india,marketing,,15-05-2026,https://remoteok.com/remote-jobs/remote-business-development-representative-sprinto-1131577,FALSE,India,Physical,Sales & Business Development
machine_learning_jobs,business development representative,Sprinto,india,golang,,15-05-2026,https://remoteok.com/remote-jobs/remote-business-development-representative-sprinto-1131577,FALSE,India,Physical,Sales & Business Development
machine_learning_jobs,senior sales engineer,Glia,worldwide,saas,,15-05-2026,https://remoteok.com/remote-jobs/remote-senior-sales-engineer-glia-1131576,TRUE,Remote,Remote,Sales & Business Development
machine_learning_jobs,senior sales engineer,Glia,worldwide,javascript,,15-05-2026,https://remoteok.com/remote-jobs/remote-senior-sales-engineer-glia-1131576,TRUE,Remote,Remote,Sales & Business Development
machine_learning_jobs,senior sales engineer,Glia,worldwide,serverless,,15-05-2026,https://remoteok.com/remote-jobs/remote-senior-sales-engineer-glia-1131576,TRUE,Remote,Remote,Sales & Business Development
machine_learning_jobs,senior sales engineer,Glia,worldwide,api,,15-05-2026,https://remoteok.com/remote-jobs/remote-senior-sales-engineer-glia-1131576,TRUE,Remote,Remote,Sales & Business Development
machine_learning_jobs,engenharia software engineer iii golang,Stone,remoto,golang,,15-05-2026,https://remoteok.com/remote-jobs/remote-engenharia-software-engineer-iii-golang-stone-1131575,FALSE,Other,Physical,Software Engineering
backend_jobs,operations manager a379,Pearl,worldwide,test,,18-05-2026,https://remoteok.com/remote-jobs/remote-operations-manager-a379-pearl-1131609,TRUE,Remote,Remote,Operations & Strategy
backend_jobs,operations manager a379,Pearl,worldwide,bookkeeping,,18-05-2026,https://remoteok.com/remote-jobs/remote-operations-manager-a379-pearl-1131609,TRUE,Remote,Remote,Operations & Strategy
backend_jobs,operations manager a379,Pearl,worldwide,microsoft,,18-05-2026,https://remoteok.com/remote-jobs/remote-operations-manager-a379-pearl-1131609,TRUE,Remote,Remote,Operations & Strategy
backend_jobs,operations manager a379,Pearl,worldwide,excel,,18-05-2026,https://remoteok.com/remote-jobs/remote-operations-manager-a379-pearl-1131609,TRUE,Remote,Remote,Operations & Strategy
backend_jobs,operations manager a379,Pearl,worldwide,recruiting,,18-05-2026,https://remoteok.com/remote-jobs/remote-operations-manager-a379-pearl-1131609,TRUE,Remote,Remote,Operations & Strategy
backend_jobs,operations manager a379,Pearl,worldwide,ecommerce,,18-05-2026,https://remoteok.com/remote-jobs/remote-operations-manager-a379-pearl-1131609,TRUE,Remote,Remote,Operations & Strategy
backend_jobs,operations manager a379,Pearl,worldwide,shopify,,18-05-2026,https://remoteok.com/remote-jobs/remote-operations-manager-a379-pearl-1131609,TRUE,Remote,Remote,Operations & Strategy
backend_jobs,staff engineer platform engineering,HighLevel,india,saas,,16-05-2026,https://remoteok.com/remote-jobs/remote-staff-engineer-platform-engineering-highlevel-1131588,FALSE,India,Physical,DevOps & Cloud
backend_jobs,staff engineer platform engineering,HighLevel,india,nodejs,,16-05-2026,https://remoteok.com/remote-jobs/remote-staff-engineer-platform-engineering-highlevel-1131588,FALSE,India,Physical,DevOps & Cloud
backend_jobs,staff engineer platform engineering,HighLevel,india,api,,16-05-2026,https://remoteok.com/remote-jobs/remote-staff-engineer-platform-engineering-highlevel-1131588,FALSE,India,Physical,DevOps & Cloud
backend_jobs,staff engineer platform engineering,HighLevel,india,legal,,16-05-2026,https://remoteok.com/remote-jobs/remote-staff-engineer-platform-engineering-highlevel-1131588,FALSE,India,Physical,DevOps & Cloud
backend_jobs,senior sales engineer,Glia,worldwide,saas,,15-05-2026,https://remoteok.com/remote-jobs/remote-senior-sales-engineer-glia-1131576,TRUE,Remote,Remote,Sales & Business Development
backend_jobs,senior sales engineer,Glia,worldwide,javascript,,15-05-2026,https://remoteok.com/remote-jobs/remote-senior-sales-engineer-glia-1131576,TRUE,Remote,Remote,Sales & Business Development
backend_jobs,senior sales engineer,Glia,worldwide,serverless,,15-05-2026,https://remoteok.com/remote-jobs/remote-senior-sales-engineer-glia-1131576,TRUE,Remote,Remote,Sales & Business Development
backend_jobs,senior sales engineer,Glia,worldwide,api,,15-05-2026,https://remoteok.com/remote-jobs/remote-senior-sales-engineer-glia-1131576,TRUE,Remote,Remote,Sales & Business Development
backend_jobs,senior ai system software developer,Wealthsimple Technologies,worldwide,react,,15-05-2026,https://remoteok.com/remote-jobs/remote-senior-ai-system-software-developer-wealthsimple-technologies-1131572,TRUE,Remote,Remote,Software Engineering
backend_jobs,senior ai system software developer,Wealthsimple Technologies,worldwide,redis,,15-05-2026,https://remoteok.com/remote-jobs/remote-senior-ai-system-software-developer-wealthsimple-technologies-1131572,TRUE,Remote,Remote,Software Engineering
backend_jobs,senior ai system software developer,Wealthsimple Technologies,worldwide,full stack,,15-05-2026,https://remoteok.com/remote-jobs/remote-senior-ai-system-software-developer-wealthsimple-technologies-1131572,TRUE,Remote,Remote,Software Engineering
backend_jobs,senior ai system software developer,Wealthsimple Technologies,worldwide,golang,,15-05-2026,https://remoteok.com/remote-jobs/remote-senior-ai-system-software-developer-wealthsimple-technologies-1131572,TRUE,Remote,Remote,Software Engineering
backend_jobs,.net developer advocate,JetBrains,amsterdam,testing,,14-05-2026,https://remoteok.com/remote-jobs/remote-net-developer-advocate-jetbrains-1131563,FALSE,Other,Physical,Software Engineering
backend_jobs,senior backend engineer,Akuity,worldwide,saas,,08-05-2026,https://remoteok.com/remote-jobs/remote-senior-backend-engineer-akuity-1131479,TRUE,Remote,Remote,Software Engineering
backend_jobs,senior backend engineer,Akuity,worldwide,devops,,08-05-2026,https://remoteok.com/remote-jobs/remote-senior-backend-engineer-akuity-1131479,TRUE,Remote,Remote,Software Engineering
backend_jobs,software development engineer backend,HighLevel,india,saas,,07-05-2026,https://remoteok.com/remote-jobs/remote-software-development-engineer-backend-highlevel-1131472,FALSE,India,Physical,Other
backend_jobs,software development engineer backend,HighLevel,india,ui,,07-05-2026,https://remoteok.com/remote-jobs/remote-software-development-engineer-backend-highlevel-1131472,FALSE,India,Physical,Other
backend_jobs,software development engineer backend,HighLevel,india,nodejs,,07-05-2026,https://remoteok.com/remote-jobs/remote-software-development-engineer-backend-highlevel-1131472,FALSE,India,Physical,Other
backend_jobs,software development engineer backend,HighLevel,india,api,,07-05-2026,https://remoteok.com/remote-jobs/remote-software-development-engineer-backend-highlevel-1131472,FALSE,India,Physical,Other
backend_jobs,software development engineer backend,HighLevel,india,legal,,07-05-2026,https://remoteok.com/remote-jobs/remote-software-development-engineer-backend-highlevel-1131472,FALSE,India,Physical,Other
backend_jobs,software development engineer backend,HighLevel,india,golang,,07-05-2026,https://remoteok.com/remote-jobs/remote-software-development-engineer-backend-highlevel-1131472,FALSE,India,Physical,Other
backend_jobs,junior mid full stack software engineer,Black Canyon Consulting,bethesda,consulting,,05-05-2026,https://remoteok.com/remote-jobs/remote-junior-mid-full-stack-software-engineer-black-canyon-consulting-1131437,FALSE,Other,Physical,Software Engineering
backend_jobs,junior mid full stack software engineer,Black Canyon Consulting,bethesda,graphql,,05-05-2026,https://remoteok.com/remote-jobs/remote-junior-mid-full-stack-software-engineer-black-canyon-consulting-1131437,FALSE,Other,Physical,Software Engineering
backend_jobs,junior mid full stack software engineer,Black Canyon Consulting,bethesda,docker,,05-05-2026,https://remoteok.com/remote-jobs/remote-junior-mid-full-stack-software-engineer-black-canyon-consulting-1131437,FALSE,Other,Physical,Software Engineering
backend_jobs,junior mid full stack software engineer,Black Canyon Consulting,bethesda,devops,,05-05-2026,https://remoteok.com/remote-jobs/remote-junior-mid-full-stack-software-engineer-black-canyon-consulting-1131437,FALSE,Other,Physical,Software Engineering
backend_jobs,senior backend engineer uk,Vistas Recruitment,worldwide,golang,,03-05-2026,https://remoteok.com/remote-jobs/remote-senior-backend-engineer-uk-vistas-recruitment-1131424,TRUE,Remote,Remote,Software Engineering
backend_jobs,lead analytics engineer borrowing,Monzo,"cardiff, london",testing,,03-05-2026,https://remoteok.com/remote-jobs/remote-lead-analytics-engineer-borrowing-monzo-1131423,FALSE,United States,Physical,Data Engineering
backend_jobs,lead analytics engineer borrowing,Monzo,"cardiff, london",bank,,03-05-2026,https://remoteok.com/remote-jobs/remote-lead-analytics-engineer-borrowing-monzo-1131423,FALSE,United States,Physical,Data Engineering
backend_jobs,digital full stack engineer hr172,Smart Working Solutions,worldwide,jira,,03-05-2026,https://remoteok.com/remote-jobs/remote-digital-full-stack-engineer-hr172-smart-working-solutions-1131414,TRUE,Remote,Remote,Software Engineering
backend_jobs,digital full stack engineer hr172,Smart Working Solutions,worldwide,devops,,03-05-2026,https://remoteok.com/remote-jobs/remote-digital-full-stack-engineer-hr172-smart-working-solutions-1131414,TRUE,Remote,Remote,Software Engineering
backend_jobs,founding engineer,Haast,new york,full stack,,02-05-2026,https://remoteok.com/remote-jobs/remote-founding-engineer-haast-1131402,FALSE,United States,Physical,Other
backend_jobs,founding engineer,Haast,new york,legal,,02-05-2026,https://remoteok.com/remote-jobs/remote-founding-engineer-haast-1131402,FALSE,United States,Physical,Other
backend_jobs,backend engineer,Paperpile,worldwide,ops,70000,01-05-2026,https://remoteok.com/remote-jobs/remote-backend-engineer-paperpile-1131382,TRUE,Remote,Remote,Software Engineering
backend_jobs,backend engineer,Paperpile,worldwide,javascript,70000,01-05-2026,https://remoteok.com/remote-jobs/remote-backend-engineer-paperpile-1131382,TRUE,Remote,Remote,Software Engineering
backend_jobs,backend engineer,Paperpile,worldwide,typescript,70000,01-05-2026,https://remoteok.com/remote-jobs/remote-backend-engineer-paperpile-1131382,TRUE,Remote,Remote,Software Engineering
backend_jobs,senior software engineer,Interra Health,boston,saas,,01-05-2026,https://remoteok.com/remote-jobs/remote-senior-software-engineer-interra-health-1131380,FALSE,United States,Physical,Software Engineering
backend_jobs,senior software engineer,Interra Health,boston,edu,,01-05-2026,https://remoteok.com/remote-jobs/remote-senior-software-engineer-interra-health-1131380,FALSE,United States,Physical,Software Engineering
backend_jobs,senior software engineer,Interra Health,boston,ruby,,01-05-2026,https://remoteok.com/remote-jobs/remote-senior-software-engineer-interra-health-1131380,FALSE,United States,Physical,Software Engineering
backend_jobs,senior software engineer,Interra Health,boston,saas,,01-05-2026,https://remoteok.com/remote-jobs/remote-senior-software-engineer-interra-health-1131379,FALSE,United States,Physical,Software Engineering
backend_jobs,senior software engineer,Interra Health,boston,edu,,01-05-2026,https://remoteok.com/remote-jobs/remote-senior-software-engineer-interra-health-1131379,FALSE,United States,Physical,Software Engineering
backend_jobs,senior software engineer,Interra Health,boston,ruby,,01-05-2026,https://remoteok.com/remote-jobs/remote-senior-software-engineer-interra-health-1131379,FALSE,United States,Physical,Software Engineering
backend_jobs,front end full stack developer,Honor Foods,"philadelphia, pa",ui,,01-05-2026,https://remoteok.com/remote-jobs/remote-front-end-full-stack-developer-honor-foods-1131370,FALSE,Other,Physical,Software Engineering
backend_jobs,engineer software,Calabrio,worldwide,c#,,29-04-2026,https://remoteok.com/remote-jobs/remote-engineer-software-calabrio-1131345,TRUE,Remote,Remote,Other
backend_jobs,engineer software,Calabrio,worldwide,saas,,29-04-2026,https://remoteok.com/remote-jobs/remote-engineer-software-calabrio-1131345,TRUE,Remote,Remote,Other
backend_jobs,engineer software,Calabrio,worldwide,react,,29-04-2026,https://remoteok.com/remote-jobs/remote-engineer-software-calabrio-1131345,TRUE,Remote,Remote,Other
backend_jobs,engineer software,Calabrio,worldwide,full stack,,29-04-2026,https://remoteok.com/remote-jobs/remote-engineer-software-calabrio-1131345,TRUE,Remote,Remote,Other
backend_jobs,engineer software,Calabrio,worldwide,docker,,29-04-2026,https://remoteok.com/remote-jobs/remote-engineer-software-calabrio-1131345,TRUE,Remote,Remote,Other
backend_jobs,engineer software,Calabrio,worldwide,testing,,29-04-2026,https://remoteok.com/remote-jobs/remote-engineer-software-calabrio-1131345,TRUE,Remote,Remote,Other
backend_jobs,engineer software,Calabrio,worldwide,ui,,29-04-2026,https://remoteok.com/remote-jobs/remote-engineer-software-calabrio-1131345,TRUE,Remote,Remote,Other
backend_jobs,engineer software,Calabrio,worldwide,ux,,29-04-2026,https://remoteok.com/remote-jobs/remote-engineer-software-calabrio-1131345,TRUE,Remote,Remote,Other
backend_jobs,engineer software,Calabrio,worldwide,scrum,,29-04-2026,https://remoteok.com/remote-jobs/remote-engineer-software-calabrio-1131345,TRUE,Remote,Remote,Other
backend_jobs,engineer software,Calabrio,worldwide,quality assurance,,29-04-2026,https://remoteok.com/remote-jobs/remote-engineer-software-calabrio-1131345,TRUE,Remote,Remote,Other
backend_jobs,engineer software,Calabrio,worldwide,devops,,29-04-2026,https://remoteok.com/remote-jobs/remote-engineer-software-calabrio-1131345,TRUE,Remote,Remote,Other
backend_jobs,engineer software,Calabrio,worldwide,javascript,,29-04-2026,https://remoteok.com/remote-jobs/remote-engineer-software-calabrio-1131345,TRUE,Remote,Remote,Other
backend_jobs,engineer software,Calabrio,worldwide,java,,29-04-2026,https://remoteok.com/remote-jobs/remote-engineer-software-calabrio-1131345,TRUE,Remote,Remote,Other
backend_jobs,engineer software,Calabrio,worldwide,nosql,,29-04-2026,https://remoteok.com/remote-jobs/remote-engineer-software-calabrio-1131345,TRUE,Remote,Remote,Other
backend_jobs,engineer software,Calabrio,worldwide,git,,29-04-2026,https://remoteok.com/remote-jobs/remote-engineer-software-calabrio-1131345,TRUE,Remote,Remote,Other
backend_jobs,engineer software,Calabrio,worldwide,api,,29-04-2026,https://remoteok.com/remote-jobs/remote-engineer-software-calabrio-1131345,TRUE,Remote,Remote,Other
backend_jobs,software engineer ii backend,Affirm,poland,python,,29-04-2026,https://remoteok.com/remote-jobs/remote-software-engineer-ii-backend-affirm-1131342,FALSE,Poland,Physical,Software Engineering
backend_jobs,software engineer ii backend,Affirm,poland,mysql,,29-04-2026,https://remoteok.com/remote-jobs/remote-software-engineer-ii-backend-affirm-1131342,FALSE,Poland,Physical,Software Engineering
backend_jobs,software engineer,Finalis,worldwide,accounting,,28-04-2026,https://remoteok.com/remote-jobs/remote-software-engineer-finalis-1131328,TRUE,Remote,Remote,Software Engineering
backend_jobs,software engineer,Finalis,worldwide,api,,28-04-2026,https://remoteok.com/remote-jobs/remote-software-engineer-finalis-1131328,TRUE,Remote,Remote,Software Engineering
backend_jobs,full stack product engineer,Pivotal Health,los angeles,react,,26-04-2026,https://remoteok.com/remote-jobs/remote-full-stack-product-engineer-pivotal-health-1131314,FALSE,Other,Physical,Software Engineering
backend_jobs,full stack product engineer,Pivotal Health,los angeles,ui,,26-04-2026,https://remoteok.com/remote-jobs/remote-full-stack-product-engineer-pivotal-health-1131314,FALSE,Other,Physical,Software Engineering
backend_jobs,senior backend engineer build ai agents,Salesforge,worldwide,golang,,25-04-2026,https://remoteok.com/remote-jobs/remote-senior-backend-engineer-build-ai-agents-salesforge-1131292,TRUE,Remote,Remote,Software Engineering
backend_jobs,senior cad backend engineer mechanical cad automation,Foundation EGI,worldwide,python,,24-04-2026,https://remoteok.com/remote-jobs/remote-senior-cad-backend-engineer-mechanical-cad-automation-foundation-egi-1131271,TRUE,Remote,Remote,Software Engineering
backend_jobs,senior cad backend engineer mechanical cad automation,Foundation EGI,worldwide,3d,,24-04-2026,https://remoteok.com/remote-jobs/remote-senior-cad-backend-engineer-mechanical-cad-automation-foundation-egi-1131271,TRUE,Remote,Remote,Software Engineering
backend_jobs,senior software engineer payments & monetization,Mighty Networks,worldwide,full stack,,24-04-2026,https://remoteok.com/remote-jobs/remote-senior-software-engineer-payments-monetization-mighty-networks-1131254,TRUE,Remote,Remote,Software Engineering
backend_jobs,senior software engineer golang,Insider One,"istanbul, turkiye",saas,,22-04-2026,https://remoteok.com/remote-jobs/remote-senior-software-engineer-golang-insider-one-1131199,FALSE,Other,Physical,Software Engineering
backend_jobs,senior software engineer golang,Insider One,"istanbul, turkiye",testing,,22-04-2026,https://remoteok.com/remote-jobs/remote-senior-software-engineer-golang-insider-one-1131199,FALSE,Other,Physical,Software Engineering
backend_jobs,senior software engineer golang,Insider One,"istanbul, turkiye",marketing,,22-04-2026,https://remoteok.com/remote-jobs/remote-senior-software-engineer-golang-insider-one-1131199,FALSE,Other,Physical,Software Engineering
backend_jobs,senior software engineer golang,Insider One,"istanbul, turkiye",golang,,22-04-2026,https://remoteok.com/remote-jobs/remote-senior-software-engineer-golang-insider-one-1131199,FALSE,Other,Physical,Software Engineering
backend_jobs,backend engineer rome,Air Apps,rome,graphql,,22-04-2026,https://remoteok.com/remote-jobs/remote-backend-engineer-rome-air-apps-1131185,FALSE,Other,Physical,Software Engineering
backend_jobs,backend engineer rome,Air Apps,rome,testing,,22-04-2026,https://remoteok.com/remote-jobs/remote-backend-engineer-rome-air-apps-1131185,FALSE,Other,Physical,Software Engineering
backend_jobs,backend engineer rome,Air Apps,rome,git,,22-04-2026,https://remoteok.com/remote-jobs/remote-backend-engineer-rome-air-apps-1131185,FALSE,Other,Physical,Software Engineering
backend_jobs,senior software engineer app infra,Ocrolus,worldwide,testing,,22-04-2026,https://remoteok.com/remote-jobs/remote-senior-software-engineer-app-infra-ocrolus-inc-1131164,TRUE,Remote,Remote,Software Engineering
backend_jobs,technical support analyst,Yuno,worldwide,api,,22-04-2026,https://remoteok.com/remote-jobs/remote-technical-support-analyst-yuno-1131151,TRUE,Remote,Remote,Customer Support & Success
backend_jobs,software engineer payment operations,Wingspan,warsaw,bank,,22-04-2026,https://remoteok.com/remote-jobs/remote-software-engineer-payment-operations-wingspan-1131116,FALSE,United States,Physical,Software Engineering
backend_jobs,software engineer payment operations,Wingspan,warsaw,nodejs,,22-04-2026,https://remoteok.com/remote-jobs/remote-software-engineer-payment-operations-wingspan-1131116,FALSE,United States,Physical,Software Engineering
backend_jobs,sr software engineer b e,"Rebuy,",worldwide,jira,,22-04-2026,https://remoteok.com/remote-jobs/remote-sr-software-engineer-b-e-rebuy-inc-1131104,TRUE,Remote,Remote,Software Engineering
backend_jobs,sr software engineer b e,"Rebuy,",worldwide,saas,,22-04-2026,https://remoteok.com/remote-jobs/remote-sr-software-engineer-b-e-rebuy-inc-1131104,TRUE,Remote,Remote,Software Engineering
backend_jobs,sr software engineer b e,"Rebuy,",worldwide,php,,22-04-2026,https://remoteok.com/remote-jobs/remote-sr-software-engineer-b-e-rebuy-inc-1131104,TRUE,Remote,Remote,Software Engineering
backend_jobs,sr software engineer b e,"Rebuy,",worldwide,api,,22-04-2026,https://remoteok.com/remote-jobs/remote-sr-software-engineer-b-e-rebuy-inc-1131104,TRUE,Remote,Remote,Software Engineering
backend_jobs,sr software engineer b e,"Rebuy,",worldwide,golang,,22-04-2026,https://remoteok.com/remote-jobs/remote-sr-software-engineer-b-e-rebuy-inc-1131104,TRUE,Remote,Remote,Software Engineering
backend_jobs,sr software engineer b e,"Rebuy,",worldwide,shopify,,22-04-2026,https://remoteok.com/remote-jobs/remote-sr-software-engineer-b-e-rebuy-inc-1131104,TRUE,Remote,Remote,Software Engineering
backend_jobs,xsolla senior full stack engineer,Xsolla,serbia,react,,22-04-2026,https://remoteok.com/remote-jobs/remote-xsolla-senior-full-stack-engineer-xsolla-1131072,FALSE,Other,Physical,Software Engineering
backend_jobs,xsolla senior full stack engineer,Xsolla,serbia,full stack,,22-04-2026,https://remoteok.com/remote-jobs/remote-xsolla-senior-full-stack-engineer-xsolla-1131072,FALSE,Other,Physical,Software Engineering
backend_jobs,xsolla senior full stack engineer,Xsolla,serbia,docker,,22-04-2026,https://remoteok.com/remote-jobs/remote-xsolla-senior-full-stack-engineer-xsolla-1131072,FALSE,Other,Physical,Software Engineering
backend_jobs,xsolla senior full stack engineer,Xsolla,serbia,golang,,22-04-2026,https://remoteok.com/remote-jobs/remote-xsolla-senior-full-stack-engineer-xsolla-1131072,FALSE,Other,Physical,Software Engineering
backend_jobs,staff software engineer full stack,Ternary,worldwide,api,,22-04-2026,https://remoteok.com/remote-jobs/remote-staff-software-engineer-full-stack-ternary-1131066,TRUE,Remote,Remote,Software Engineering
backend_jobs,staff software engineer full stack,Ternary,worldwide,golang,,22-04-2026,https://remoteok.com/remote-jobs/remote-staff-software-engineer-full-stack-ternary-1131066,TRUE,Remote,Remote,Software Engineering
backend_jobs,senior backend engineer ms050ka,Coderio,worldwide,serverless,,22-04-2026,https://remoteok.com/remote-jobs/remote-senior-backend-engineer-ms050ka-coderio-1131031,TRUE,Remote,Remote,Software Engineering
backend_jobs,senior backend engineer ms050ka,Coderio,worldwide,nodejs,,22-04-2026,https://remoteok.com/remote-jobs/remote-senior-backend-engineer-ms050ka-coderio-1131031,TRUE,Remote,Remote,Software Engineering
backend_jobs,senior backend engineer ms050ka,Coderio,worldwide,api,,22-04-2026,https://remoteok.com/remote-jobs/remote-senior-backend-engineer-ms050ka-coderio-1131031,TRUE,Remote,Remote,Software Engineering
backend_jobs,senior backend engineer uk,Vistas Recruitment,worldwide,golang,,22-03-2026,https://remoteok.com/remote-jobs/remote-senior-backend-engineer-uk-vistas-recruitment-1130988,TRUE,Remote,Remote,Software Engineering
backend_jobs,senior software engineer,Sysdig,india,testing,,22-03-2026,https://remoteok.com/remote-jobs/remote-senior-software-engineer-sysdig-1130967,FALSE,India,Physical,Software Engineering
backend_jobs,senior software engineer,Sysdig,india,golang,,22-03-2026,https://remoteok.com/remote-jobs/remote-senior-software-engineer-sysdig-1130967,FALSE,India,Physical,Software Engineering
backend_jobs,staff machine learning engineer,Fullscript,worldwide,python,,22-03-2026,https://remoteok.com/remote-jobs/remote-staff-machine-learning-engineer-fullscript-1130924,TRUE,Remote,Remote,Data Science & AI
backend_jobs,staff machine learning engineer,Fullscript,worldwide,golang,,22-03-2026,https://remoteok.com/remote-jobs/remote-staff-machine-learning-engineer-fullscript-1130924,TRUE,Remote,Remote,Data Science & AI
backend_jobs,senior security engineer automation,MoonPay,worldwide,cryptocurrency,,22-03-2026,https://remoteok.com/remote-jobs/remote-senior-security-engineer-automation-moonpay-1130921,TRUE,Remote,Remote,Cybersecurity
backend_jobs,senior security engineer automation,MoonPay,worldwide,swift,,22-03-2026,https://remoteok.com/remote-jobs/remote-senior-security-engineer-automation-moonpay-1130921,TRUE,Remote,Remote,Cybersecurity
backend_jobs,senior security engineer automation,MoonPay,worldwide,api,,22-03-2026,https://remoteok.com/remote-jobs/remote-senior-security-engineer-automation-moonpay-1130921,TRUE,Remote,Remote,Cybersecurity
backend_jobs,senior security engineer automation,MoonPay,worldwide,excel,,22-03-2026,https://remoteok.com/remote-jobs/remote-senior-security-engineer-automation-moonpay-1130921,TRUE,Remote,Remote,Cybersecurity
backend_jobs,senior backend engineer integrations,Arbiter AI,new york city,python,,22-03-2026,https://remoteok.com/remote-jobs/remote-senior-backend-engineer-integrations-arbiter-ai-1130908,FALSE,United States,Physical,Software Engineering
backend_jobs,senior backend engineer integrations,Arbiter AI,new york city,api,,22-03-2026,https://remoteok.com/remote-jobs/remote-senior-backend-engineer-integrations-arbiter-ai-1130908,FALSE,United States,Physical,Software Engineering
backend_jobs,tech lead,Zipdev,worldwide,marketing,,22-03-2026,https://remoteok.com/remote-jobs/remote-tech-lead-zipdev-1130856,TRUE,Remote,Remote,Other
full_stack_jobs,senior full stack react developer,Lemon.io,latin america,javascript,50000,29-04-2026,https://remoteok.com/remote-jobs/remote-senior-full-stack-react-developer-lemon-io-1131339,FALSE,United States,Physical,Software Engineering
full_stack_jobs,senior full stack react developer,Lemon.io,latin america,react,50000,29-04-2026,https://remoteok.com/remote-jobs/remote-senior-full-stack-react-developer-lemon-io-1131339,FALSE,United States,Physical,Software Engineering
full_stack_jobs,senior full stack react developer,Lemon.io,latin america,node,50000,29-04-2026,https://remoteok.com/remote-jobs/remote-senior-full-stack-react-developer-lemon-io-1131339,FALSE,United States,Physical,Software Engineering
full_stack_jobs,senior full stack react developer,Lemon.io,latin america,python,50000,29-04-2026,https://remoteok.com/remote-jobs/remote-senior-full-stack-react-developer-lemon-io-1131339,FALSE,United States,Physical,Software Engineering
full_stack_jobs,senior full stack react developer,Lemon.io,latin america,golang,50000,29-04-2026,https://remoteok.com/remote-jobs/remote-senior-full-stack-react-developer-lemon-io-1131339,FALSE,United States,Physical,Software Engineering
software_jobs,devrel content creator,SuperPlane,europe,marketing,70000,16-05-2026,https://remoteok.com/remote-jobs/remote-devrel-content-creator-superplane-1131594,FALSE,Other,Physical,Other
software_jobs,devrel content creator,SuperPlane,europe,devops,70000,16-05-2026,https://remoteok.com/remote-jobs/remote-devrel-content-creator-superplane-1131594,FALSE,Other,Physical,Other
software_jobs,customer lifecycle automation manager @cxt software,CXT Software,worldwide,saas,,21-05-2026,https://remoteok.com/remote-jobs/remote-customer-lifecycle-automation-manager-cxt-software-cxt-software-1131624,TRUE,Remote,Remote,Other
software_jobs,marketing copywriter,BIS Safety Software,canada,copywriter,,11-05-2026,https://remoteok.com/remote-jobs/remote-marketing-copywriter-bis-safety-software-1131528,FALSE,United States,Physical,Marketing & Growth
software_jobs,marketing copywriter,BIS Safety Software,canada,saas,,11-05-2026,https://remoteok.com/remote-jobs/remote-marketing-copywriter-bis-safety-software-1131528,FALSE,United States,Physical,Marketing & Growth
software_jobs,marketing copywriter,BIS Safety Software,canada,copywriting,,11-05-2026,https://remoteok.com/remote-jobs/remote-marketing-copywriter-bis-safety-software-1131528,FALSE,United States,Physical,Marketing & Growth
software_jobs,marketing copywriter,BIS Safety Software,canada,seo,,11-05-2026,https://remoteok.com/remote-jobs/remote-marketing-copywriter-bis-safety-software-1131528,FALSE,United States,Physical,Marketing & Growth
software_jobs,marketing copywriter,BIS Safety Software,canada,marketing,,11-05-2026,https://remoteok.com/remote-jobs/remote-marketing-copywriter-bis-safety-software-1131528,FALSE,United States,Physical,Marketing & Growth
software_jobs,web development specialist,Marketers in Demand,worldwide,web developer,30000,10-05-2026,https://remoteok.com/remote-jobs/remote-web-development-specialist-marketers-in-demand-1131516,TRUE,Remote,Remote,Other
software_jobs,sr account executive commercial accounts,Veeam Software,"dallas, tx",golang,,29-04-2026,https://remoteok.com/remote-jobs/remote-sr-account-executive-commercial-accounts-veeam-software-1131341,FALSE,United States,Physical,Sales & Business Development
software_jobs,senior full stack react developer,Lemon.io,latin america,javascript,50000,29-04-2026,https://remoteok.com/remote-jobs/remote-senior-full-stack-react-developer-lemon-io-1131339,FALSE,United States,Physical,Software Engineering
software_jobs,senior full stack react developer,Lemon.io,latin america,react,50000,29-04-2026,https://remoteok.com/remote-jobs/remote-senior-full-stack-react-developer-lemon-io-1131339,FALSE,United States,Physical,Software Engineering
software_jobs,senior full stack react developer,Lemon.io,latin america,node,50000,29-04-2026,https://remoteok.com/remote-jobs/remote-senior-full-stack-react-developer-lemon-io-1131339,FALSE,United States,Physical,Software Engineering
software_jobs,senior full stack react developer,Lemon.io,latin america,python,50000,29-04-2026,https://remoteok.com/remote-jobs/remote-senior-full-stack-react-developer-lemon-io-1131339,FALSE,United States,Physical,Software Engineering
software_jobs,senior full stack react developer,Lemon.io,latin america,golang,50000,29-04-2026,https://remoteok.com/remote-jobs/remote-senior-full-stack-react-developer-lemon-io-1131339,FALSE,United States,Physical,Software Engineering
software_jobs,senior full stack react developer,Lemon.io,latin america,full stack,50000,29-04-2026,https://remoteok.com/remote-jobs/remote-senior-full-stack-react-developer-lemon-io-1131339,FALSE,United States,Physical,Software Engineering
software_jobs,software engineer,Sticker Mule,europe,docker,140000,24-04-2026,https://remoteok.com/remote-jobs/remote-software-engineer-sticker-mule-1093738,FALSE,Other,Physical,Software Engineering
software_jobs,software engineer,Sticker Mule,europe,redis,140000,24-04-2026,https://remoteok.com/remote-jobs/remote-software-engineer-sticker-mule-1093738,FALSE,Other,Physical,Software Engineering
software_jobs,software engineer,Sticker Mule,europe,gcp,140000,24-04-2026,https://remoteok.com/remote-jobs/remote-software-engineer-sticker-mule-1093738,FALSE,Other,Physical,Software Engineering
software_jobs,software engineer,Sticker Mule,europe,postgresql,140000,24-04-2026,https://remoteok.com/remote-jobs/remote-software-engineer-sticker-mule-1093738,FALSE,Other,Physical,Software Engineering
software_jobs,software engineer,Sticker Mule,europe,kubernetes,140000,24-04-2026,https://remoteok.com/remote-jobs/remote-software-engineer-sticker-mule-1093738,FALSE,Other,Physical,Software Engineering
software_jobs,senior sales systems engineer,Veeam Software,massachusetts,golang,,22-03-2026,https://remoteok.com/remote-jobs/remote-senior-sales-systems-engineer-veeam-software-1130793,FALSE,Other,Physical,Sales & Business Development
software_jobs,senior sales engineer data & ai security,Veeam Software,"saint louis, mo, usa",golang,,22-03-2026,https://remoteok.com/remote-jobs/remote-senior-sales-engineer-data-ai-security-veeam-software-1130787,FALSE,United States,Physical,Sales & Business Development
software_jobs,sales systems engineer,Veeam Software,"san jose, ca, usa",golang,,22-02-2026,https://remoteok.com/remote-jobs/remote-sales-systems-engineer-veeam-software-1130451,FALSE,United States,Physical,Sales & Business Development
software_jobs,product & application security engineer,Veeam Software,united states,golang,,22-02-2026,https://remoteok.com/remote-jobs/remote-product-application-security-engineer-veeam-software-1130399,FALSE,United States,Physical,Cybersecurity
software_jobs,regulatory & product counsel,Lucid Software,worldwide,legal,,22-02-2026,https://remoteok.com/remote-jobs/remote-regulatory-product-counsel-lucid-software-1130293,TRUE,Remote,Remote,Legal & Compliance
software_jobs,senior director customer success product portfolio management,Veeam Software,united states,golang,,22-02-2026,https://remoteok.com/remote-jobs/remote-senior-director-customer-success-product-portfolio-management-veeam-software-1130165,FALSE,United States,Physical,Customer Support & Success
software_jobs,senior staff platform engineer,Veeam Software,united states,microsoft,,22-02-2026,https://remoteok.com/remote-jobs/remote-senior-staff-platform-engineer-veeam-software-1130163,FALSE,United States,Physical,DevOps & Cloud
software_jobs,senior staff platform engineer,Veeam Software,united states,golang,,22-02-2026,https://remoteok.com/remote-jobs/remote-senior-staff-platform-engineer-veeam-software-1130163,FALSE,United States,Physical,DevOps & Cloud
software_jobs,senior sales engineer data & ai security,Veeam Software,netherlands,golang,,22-01-2026,https://remoteok.com/remote-jobs/remote-senior-sales-engineer-data-ai-security-veeam-software-1130074,FALSE,Netherlands,Physical,Sales & Business Development
software_jobs,senior solution architect gsi,Veeam Software,united states,golang,,22-01-2026,https://remoteok.com/remote-jobs/remote-senior-solution-architect-gsi-veeam-software-1129817,FALSE,United States,Physical,Consulting & Solutions
software_jobs,ml ai ops engineer,Veeam Software,costa rica,golang,,22-01-2026,https://remoteok.com/remote-jobs/remote-ml-ai-ops-engineer-veeam-software-1129816,FALSE,United States,Physical,Other
software_jobs,senior data science engineer,Veeam Software,costa rica,golang,,22-01-2026,https://remoteok.com/remote-jobs/remote-senior-data-science-engineer-veeam-software-1129814,FALSE,United States,Physical,Data Science & AI
software_jobs,lead account executive enterprise sales,Veeam Software,worldwide,golang,,22-01-2026,https://remoteok.com/remote-jobs/remote-lead-account-executive-enterprise-sales-veeam-software-1129789,TRUE,Remote,Remote,Sales & Business Development
software_jobs,senior systems engineer,Veeam Software,"remote, united kingdom",golang,,22-11-2025,https://remoteok.com/remote-jobs/remote-senior-systems-engineer-veeam-software-1129105,TRUE,Remote,Remote,Networking & Infrastructure
software_jobs,director of payments u.s. canada,Banyan Software,toronto,embedded,,22-10-2025,https://remoteok.com/remote-jobs/remote-director-of-payments-u-s-canada-banyan-software-1128873,FALSE,Canada,Physical,Other
software_jobs,director of payments u.s. canada,Banyan Software,toronto,fintech,,22-10-2025,https://remoteok.com/remote-jobs/remote-director-of-payments-u-s-canada-banyan-software-1128873,FALSE,Canada,Physical,Other
software_jobs,director of payments u.s. canada,Banyan Software,toronto,legal,,22-10-2025,https://remoteok.com/remote-jobs/remote-director-of-payments-u-s-canada-banyan-software-1128873,FALSE,Canada,Physical,Other
software_jobs,global compensation coe director,Veeam Software,north carolina,golang,,22-10-2025,https://remoteok.com/remote-jobs/remote-global-compensation-coe-director-veeam-software-1128574,FALSE,United States,Physical,Other
software_jobs,inside partner manager est,Veeam Software,united states,golang,,22-10-2025,https://remoteok.com/remote-jobs/remote-inside-partner-manager-est-veeam-software-1128464,FALSE,United States,Physical,Other
software_jobs,strategic account manager,Veeam Software,"remote, georgia, usa",golang,,22-10-2025,https://remoteok.com/remote-jobs/remote-strategic-account-manager-veeam-software-1128347,TRUE,Remote,Remote,Other
software_jobs,senior staff ruby on rails engineer,Housecall Pro,brazil,ruby,90000,22-08-2025,https://remoteok.com/remote-jobs/remote-senior-staff-ruby-on-rails-engineer-housecall-pro-1093828,FALSE,Other,Physical,Software Engineering
software_jobs,fullstack engineer,NTD software,latin america,react,,22-08-2025,https://remoteok.com/remote-jobs/remote-fullstack-engineer-ntd-software-1093802,FALSE,United States,Physical,Other
software_jobs,fullstack engineer,NTD software,latin america,devops,,22-08-2025,https://remoteok.com/remote-jobs/remote-fullstack-engineer-ntd-software-1093802,FALSE,United States,Physical,Other
software_jobs,fullstack engineer,NTD software,latin america,javascript,,22-08-2025,https://remoteok.com/remote-jobs/remote-fullstack-engineer-ntd-software-1093802,FALSE,United States,Physical,Other
software_jobs,fullstack engineer,NTD software,latin america,css,,22-08-2025,https://remoteok.com/remote-jobs/remote-fullstack-engineer-ntd-software-1093802,FALSE,United States,Physical,Other
software_jobs,fullstack engineer,NTD software,latin america,full stack,,22-08-2025,https://remoteok.com/remote-jobs/remote-fullstack-engineer-ntd-software-1093802,FALSE,United States,Physical,Other
engineer_jobs,intern sd engineer,Copious,india,salesforce,,21-05-2026,https://remoteok.com/remote-jobs/remote-intern-sd-engineer-copious-1131629,FALSE,India,Physical,Other
engineer_jobs,intern sd engineer,Copious,india,firebase,,21-05-2026,https://remoteok.com/remote-jobs/remote-intern-sd-engineer-copious-1131629,FALSE,India,Physical,Other
engineer_jobs,intern sd engineer,Copious,india,typescript,,21-05-2026,https://remoteok.com/remote-jobs/remote-intern-sd-engineer-copious-1131629,FALSE,India,Physical,Other
engineer_jobs,software engineer platform,Benchling,worldwide,node,,21-05-2026,https://remoteok.com/remote-jobs/remote-software-engineer-platform-benchling-1131626,TRUE,Remote,Remote,Software Engineering
engineer_jobs,software engineer platform,Benchling,worldwide,excel,,21-05-2026,https://remoteok.com/remote-jobs/remote-software-engineer-platform-benchling-1131626,TRUE,Remote,Remote,Software Engineering
engineer_jobs,software engineer platform,Benchling,worldwide,biotech,,21-05-2026,https://remoteok.com/remote-jobs/remote-software-engineer-platform-benchling-1131626,TRUE,Remote,Remote,Software Engineering
engineer_jobs,senior database reliability engineer,Cloudlinux,worldwide,redis,,18-05-2026,https://remoteok.com/remote-jobs/remote-senior-database-reliability-engineer-cloudlinux-1131613,TRUE,Remote,Remote,Other
engineer_jobs,senior database reliability engineer,Cloudlinux,worldwide,ansible,,18-05-2026,https://remoteok.com/remote-jobs/remote-senior-database-reliability-engineer-cloudlinux-1131613,TRUE,Remote,Remote,Other
engineer_jobs,senior database reliability engineer,Cloudlinux,worldwide,postgresql,,18-05-2026,https://remoteok.com/remote-jobs/remote-senior-database-reliability-engineer-cloudlinux-1131613,TRUE,Remote,Remote,Other
engineer_jobs,senior database reliability engineer,Cloudlinux,worldwide,database admin,,18-05-2026,https://remoteok.com/remote-jobs/remote-senior-database-reliability-engineer-cloudlinux-1131613,TRUE,Remote,Remote,Other
engineer_jobs,senior database reliability engineer,Cloudlinux,worldwide,linux,,18-05-2026,https://remoteok.com/remote-jobs/remote-senior-database-reliability-engineer-cloudlinux-1131613,TRUE,Remote,Remote,Other
engineer_jobs,forward deployed engineer agentic platform,Cohere,worldwide,python,,18-05-2026,https://remoteok.com/remote-jobs/remote-forward-deployed-engineer-agentic-platform-cohere-1131611,TRUE,Remote,Remote,Other
engineer_jobs,forward deployed engineer agentic platform,Cohere,worldwide,excel,,18-05-2026,https://remoteok.com/remote-jobs/remote-forward-deployed-engineer-agentic-platform-cohere-1131611,TRUE,Remote,Remote,Other
engineer_jobs,sr solution architect consultant sales engineer,Cyara,united states,testing,,18-05-2026,https://remoteok.com/remote-jobs/remote-sr-solution-architect-consultant-sales-engineer-cyara-1131610,FALSE,United States,Physical,Sales & Business Development
engineer_jobs,application support engineer,Cresta,worldwide,consulting,,16-05-2026,https://remoteok.com/remote-jobs/remote-application-support-engineer-cresta-1131596,TRUE,Remote,Remote,Customer Support & Success
engineer_jobs,application support engineer,Cresta,worldwide,api,,16-05-2026,https://remoteok.com/remote-jobs/remote-application-support-engineer-cresta-1131596,TRUE,Remote,Remote,Customer Support & Success
engineer_jobs,software engineer,Sticker Mule,europe,golang,150000,16-05-2026,https://remoteok.com/remote-jobs/remote-software-engineer-sticker-mule-1131592,FALSE,Other,Physical,Software Engineering
engineer_jobs,software engineer,Sticker Mule,europe,docker,150000,16-05-2026,https://remoteok.com/remote-jobs/remote-software-engineer-sticker-mule-1131592,FALSE,Other,Physical,Software Engineering
engineer_jobs,software engineer,Sticker Mule,europe,redis,150000,16-05-2026,https://remoteok.com/remote-jobs/remote-software-engineer-sticker-mule-1131592,FALSE,Other,Physical,Software Engineering
engineer_jobs,software engineer,Sticker Mule,europe,gcp,150000,16-05-2026,https://remoteok.com/remote-jobs/remote-software-engineer-sticker-mule-1131592,FALSE,Other,Physical,Software Engineering
engineer_jobs,software engineer,Sticker Mule,europe,postgresql,150000,16-05-2026,https://remoteok.com/remote-jobs/remote-software-engineer-sticker-mule-1131592,FALSE,Other,Physical,Software Engineering
engineer_jobs,staff engineer platform engineering,HighLevel,india,saas,,16-05-2026,https://remoteok.com/remote-jobs/remote-staff-engineer-platform-engineering-highlevel-1131588,FALSE,India,Physical,DevOps & Cloud
engineer_jobs,staff engineer platform engineering,HighLevel,india,nodejs,,16-05-2026,https://remoteok.com/remote-jobs/remote-staff-engineer-platform-engineering-highlevel-1131588,FALSE,India,Physical,DevOps & Cloud
engineer_jobs,staff engineer platform engineering,HighLevel,india,api,,16-05-2026,https://remoteok.com/remote-jobs/remote-staff-engineer-platform-engineering-highlevel-1131588,FALSE,India,Physical,DevOps & Cloud
engineer_jobs,staff engineer platform engineering,HighLevel,india,legal,,16-05-2026,https://remoteok.com/remote-jobs/remote-staff-engineer-platform-engineering-highlevel-1131588,FALSE,India,Physical,DevOps & Cloud
engineer_jobs,senior software engineer,CentralReach,united states,saas,,15-05-2026,https://remoteok.com/remote-jobs/remote-senior-software-engineer-centralreach-1131578,TRUE,United States,Remote,Software Engineering
engineer_jobs,senior sales engineer,Glia,worldwide,saas,,15-05-2026,https://remoteok.com/remote-jobs/remote-senior-sales-engineer-glia-1131576,TRUE,Remote,Remote,Sales & Business Development
engineer_jobs,senior sales engineer,Glia,worldwide,javascript,,15-05-2026,https://remoteok.com/remote-jobs/remote-senior-sales-engineer-glia-1131576,TRUE,Remote,Remote,Sales & Business Development
engineer_jobs,senior sales engineer,Glia,worldwide,serverless,,15-05-2026,https://remoteok.com/remote-jobs/remote-senior-sales-engineer-glia-1131576,TRUE,Remote,Remote,Sales & Business Development
engineer_jobs,senior sales engineer,Glia,worldwide,api,,15-05-2026,https://remoteok.com/remote-jobs/remote-senior-sales-engineer-glia-1131576,TRUE,Remote,Remote,Sales & Business Development
engineer_jobs,engenharia software engineer iii golang,Stone,remoto,golang,,15-05-2026,https://remoteok.com/remote-jobs/remote-engenharia-software-engineer-iii-golang-stone-1131575,FALSE,Other,Physical,Software Engineering
engineer_jobs,tier ii iii uc support engineer,TTEC Digital,hyderabad,voip,,14-05-2026,https://remoteok.com/remote-jobs/remote-tier-ii-iii-uc-support-engineer-ttec-digital-1131561,FALSE,India,Physical,Customer Support & Success
engineer_jobs,tier ii iii uc support engineer,TTEC Digital,hyderabad,microsoft,,14-05-2026,https://remoteok.com/remote-jobs/remote-tier-ii-iii-uc-support-engineer-ttec-digital-1131561,FALSE,India,Physical,Customer Support & Success
engineer_jobs,tier ii iii uc support engineer,TTEC Digital,hyderabad,telecom,,14-05-2026,https://remoteok.com/remote-jobs/remote-tier-ii-iii-uc-support-engineer-ttec-digital-1131561,FALSE,India,Physical,Customer Support & Success
engineer_jobs,tooling engineer,Unikraft,worldwide,golang,,13-05-2026,https://remoteok.com/remote-jobs/remote-tooling-engineer-unikraft-1131540,TRUE,Remote,Remote,Other
engineer_jobs,lead software engineer,CSC Generation,remote canada,python,,11-05-2026,https://remoteok.com/remote-jobs/remote-lead-software-engineer-csc-generation-1131529,TRUE,Remote,Remote,Software Engineering
engineer_jobs,lead software engineer,CSC Generation,remote canada,django,,11-05-2026,https://remoteok.com/remote-jobs/remote-lead-software-engineer-csc-generation-1131529,TRUE,Remote,Remote,Software Engineering
engineer_jobs,lead software engineer,CSC Generation,remote canada,api,,11-05-2026,https://remoteok.com/remote-jobs/remote-lead-software-engineer-csc-generation-1131529,TRUE,Remote,Remote,Software Engineering
engineer_jobs,lead software engineer,CSC Generation,remote canada,recruiting,,11-05-2026,https://remoteok.com/remote-jobs/remote-lead-software-engineer-csc-generation-1131529,TRUE,Remote,Remote,Software Engineering
engineer_jobs,senior software engineer i,"Clariti Cloud,",canada,saas,,11-05-2026,https://remoteok.com/remote-jobs/remote-senior-software-engineer-i-clariti-cloud-inc-1131527,FALSE,United States,Physical,Software Engineering
engineer_jobs,senior software engineer i,"Clariti Cloud,",canada,salesforce,,11-05-2026,https://remoteok.com/remote-jobs/remote-senior-software-engineer-i-clariti-cloud-inc-1131527,FALSE,United States,Physical,Software Engineering
engineer_jobs,analytics engineer,Civitech,"austin, tx or remote",python,,10-05-2026,https://remoteok.com/remote-jobs/remote-analytics-engineer-civitech-1131512,TRUE,Remote,Remote,Data Engineering
engineer_jobs,senior software engineer,Cast AI,worldwide,golang,,09-05-2026,https://remoteok.com/remote-jobs/remote-senior-software-engineer-cast-ai-1131507,TRUE,Remote,Remote,Software Engineering
engineer_jobs,senior data engineer,Valon Mortgage,worldwide,saas,,09-05-2026,https://remoteok.com/remote-jobs/remote-senior-data-engineer-valon-mortgage-1131504,TRUE,Remote,Remote,Data Engineering
engineer_jobs,senior data engineer,Valon Mortgage,worldwide,python,,09-05-2026,https://remoteok.com/remote-jobs/remote-senior-data-engineer-valon-mortgage-1131504,TRUE,Remote,Remote,Data Engineering
engineer_jobs,senior data engineer,Valon Mortgage,worldwide,golang,,09-05-2026,https://remoteok.com/remote-jobs/remote-senior-data-engineer-valon-mortgage-1131504,TRUE,Remote,Remote,Data Engineering
engineer_jobs,senior veritas ediscovery platform engineer,"Contact Government Services,",worldwide,legal,,08-05-2026,https://remoteok.com/remote-jobs/remote-senior-veritas-ediscovery-platform-engineer-contact-government-services-llc-1131484,TRUE,Remote,Remote,DevOps & Cloud
engineer_jobs,senior backend engineer,Akuity,worldwide,saas,,08-05-2026,https://remoteok.com/remote-jobs/remote-senior-backend-engineer-akuity-1131479,TRUE,Remote,Remote,Software Engineering
engineer_jobs,senior backend engineer,Akuity,worldwide,devops,,08-05-2026,https://remoteok.com/remote-jobs/remote-senior-backend-engineer-akuity-1131479,TRUE,Remote,Remote,Software Engineering
engineer_jobs,software development engineer backend,HighLevel,india,saas,,07-05-2026,https://remoteok.com/remote-jobs/remote-software-development-engineer-backend-highlevel-1131472,FALSE,India,Physical,Other
engineer_jobs,software development engineer backend,HighLevel,india,ui,,07-05-2026,https://remoteok.com/remote-jobs/remote-software-development-engineer-backend-highlevel-1131472,FALSE,India,Physical,Other
engineer_jobs,software development engineer backend,HighLevel,india,nodejs,,07-05-2026,https://remoteok.com/remote-jobs/remote-software-development-engineer-backend-highlevel-1131472,FALSE,India,Physical,Other
engineer_jobs,software development engineer backend,HighLevel,india,api,,07-05-2026,https://remoteok.com/remote-jobs/remote-software-development-engineer-backend-highlevel-1131472,FALSE,India,Physical,Other
engineer_jobs,software development engineer backend,HighLevel,india,legal,,07-05-2026,https://remoteok.com/remote-jobs/remote-software-development-engineer-backend-highlevel-1131472,FALSE,India,Physical,Other
engineer_jobs,software development engineer backend,HighLevel,india,golang,,07-05-2026,https://remoteok.com/remote-jobs/remote-software-development-engineer-backend-highlevel-1131472,FALSE,India,Physical,Other
engineer_jobs,software engineer ii,Precision AQ,india,testing,,07-05-2026,https://remoteok.com/remote-jobs/remote-software-engineer-ii-precision-aq-1131470,FALSE,India,Physical,Software Engineering
engineer_jobs,junior mid full stack software engineer,Black Canyon Consulting,bethesda,consulting,,05-05-2026,https://remoteok.com/remote-jobs/remote-junior-mid-full-stack-software-engineer-black-canyon-consulting-1131437,FALSE,Other,Physical,Software Engineering
engineer_jobs,junior mid full stack software engineer,Black Canyon Consulting,bethesda,graphql,,05-05-2026,https://remoteok.com/remote-jobs/remote-junior-mid-full-stack-software-engineer-black-canyon-consulting-1131437,FALSE,Other,Physical,Software Engineering
engineer_jobs,junior mid full stack software engineer,Black Canyon Consulting,bethesda,docker,,05-05-2026,https://remoteok.com/remote-jobs/remote-junior-mid-full-stack-software-engineer-black-canyon-consulting-1131437,FALSE,Other,Physical,Software Engineering
engineer_jobs,junior mid full stack software engineer,Black Canyon Consulting,bethesda,devops,,05-05-2026,https://remoteok.com/remote-jobs/remote-junior-mid-full-stack-software-engineer-black-canyon-consulting-1131437,FALSE,Other,Physical,Software Engineering
engineer_jobs,senior backend engineer uk,Vistas Recruitment,worldwide,golang,,03-05-2026,https://remoteok.com/remote-jobs/remote-senior-backend-engineer-uk-vistas-recruitment-1131424,TRUE,Remote,Remote,Software Engineering
engineer_jobs,lead analytics engineer borrowing,Monzo,"cardiff, london",testing,,03-05-2026,https://remoteok.com/remote-jobs/remote-lead-analytics-engineer-borrowing-monzo-1131423,FALSE,United States,Physical,Data Engineering
engineer_jobs,lead analytics engineer borrowing,Monzo,"cardiff, london",bank,,03-05-2026,https://remoteok.com/remote-jobs/remote-lead-analytics-engineer-borrowing-monzo-1131423,FALSE,United States,Physical,Data Engineering
engineer_jobs,lead analytics engineer borrowing,Monzo,"cardiff, london",edu,,03-05-2026,https://remoteok.com/remote-jobs/remote-lead-analytics-engineer-borrowing-monzo-1131420,FALSE,United States,Physical,Data Engineering
engineer_jobs,lead analytics engineer borrowing,Monzo,"cardiff, london",bank,,03-05-2026,https://remoteok.com/remote-jobs/remote-lead-analytics-engineer-borrowing-monzo-1131420,FALSE,United States,Physical,Data Engineering
engineer_jobs,digital full stack engineer hr172,Smart Working Solutions,worldwide,jira,,03-05-2026,https://remoteok.com/remote-jobs/remote-digital-full-stack-engineer-hr172-smart-working-solutions-1131414,TRUE,Remote,Remote,Software Engineering
engineer_jobs,digital full stack engineer hr172,Smart Working Solutions,worldwide,devops,,03-05-2026,https://remoteok.com/remote-jobs/remote-digital-full-stack-engineer-hr172-smart-working-solutions-1131414,TRUE,Remote,Remote,Software Engineering
engineer_jobs,full stack staff engineer,Join,worldwide,golang,,03-05-2026,https://remoteok.com/remote-jobs/remote-full-stack-staff-engineer-join-1131413,TRUE,Remote,Remote,Software Engineering
engineer_jobs,full stack staff engineer,Join,worldwide,saas,,03-05-2026,https://remoteok.com/remote-jobs/remote-full-stack-staff-engineer-join-1131413,TRUE,Remote,Remote,Software Engineering
engineer_jobs,founding engineer,Haast,new york,full stack,,02-05-2026,https://remoteok.com/remote-jobs/remote-founding-engineer-haast-1131402,FALSE,United States,Physical,Other
engineer_jobs,founding engineer,Haast,new york,legal,,02-05-2026,https://remoteok.com/remote-jobs/remote-founding-engineer-haast-1131402,FALSE,United States,Physical,Other
engineer_jobs,senior software engineer,Interra Health,boston,saas,,01-05-2026,https://remoteok.com/remote-jobs/remote-senior-software-engineer-interra-health-1131380,FALSE,United States,Physical,Software Engineering
engineer_jobs,senior software engineer,Interra Health,boston,edu,,01-05-2026,https://remoteok.com/remote-jobs/remote-senior-software-engineer-interra-health-1131380,FALSE,United States,Physical,Software Engineering
engineer_jobs,senior software engineer,Interra Health,boston,ruby,,01-05-2026,https://remoteok.com/remote-jobs/remote-senior-software-engineer-interra-health-1131380,FALSE,United States,Physical,Software Engineering
engineer_jobs,senior software engineer,Interra Health,boston,saas,,01-05-2026,https://remoteok.com/remote-jobs/remote-senior-software-engineer-interra-health-1131379,FALSE,United States,Physical,Software Engineering
engineer_jobs,senior software engineer,Interra Health,boston,edu,,01-05-2026,https://remoteok.com/remote-jobs/remote-senior-software-engineer-interra-health-1131379,FALSE,United States,Physical,Software Engineering
engineer_jobs,senior software engineer,Interra Health,boston,ruby,,01-05-2026,https://remoteok.com/remote-jobs/remote-senior-software-engineer-interra-health-1131379,FALSE,United States,Physical,Software Engineering
engineer_jobs,senior site reliability engineer ai infrastructure,Andromeda Cluster,san francisco,golang,,01-05-2026,https://remoteok.com/remote-jobs/remote-senior-site-reliability-engineer-ai-infrastructure-andromeda-cluster-1131375,FALSE,Other,Physical,DevOps & Cloud
engineer_jobs,senior site reliability engineer ai infrastructure,Andromeda Cluster,san francisco,linux,,01-05-2026,https://remoteok.com/remote-jobs/remote-senior-site-reliability-engineer-ai-infrastructure-andromeda-cluster-1131375,FALSE,Other,Physical,DevOps & Cloud
engineer_jobs,automation engineer,Syner-G,pittsburgh,consulting,,30-04-2026,https://remoteok.com/remote-jobs/remote-automation-engineer-syner-g-1131367,FALSE,Other,Physical,Other
engineer_jobs,data governance engineer,"Chime Financial,",san francisco,python,,30-04-2026,https://remoteok.com/remote-jobs/remote-data-governance-engineer-chime-financial-inc-1131365,FALSE,Other,Physical,Data Engineering
javascript_jobs,senior sales engineer,Glia,worldwide,saas,,15-05-2026,https://remoteok.com/remote-jobs/remote-senior-sales-engineer-glia-1131576,TRUE,Remote,Remote,Sales & Business Development
javascript_jobs,senior sales engineer,Glia,worldwide,serverless,,15-05-2026,https://remoteok.com/remote-jobs/remote-senior-sales-engineer-glia-1131576,TRUE,Remote,Remote,Sales & Business Development
javascript_jobs,senior sales engineer,Glia,worldwide,api,,15-05-2026,https://remoteok.com/remote-jobs/remote-senior-sales-engineer-glia-1131576,TRUE,Remote,Remote,Sales & Business Development
javascript_jobs,freelance seo aeo strategist,Smartbug Media/Point Sucess/Globalia,united states,seo,,14-05-2026,https://remoteok.com/remote-jobs/remote-freelance-seo-aeo-strategist-smartbug-media-point-sucess-globalia-1131555,FALSE,United States,Physical,Marketing & Growth
javascript_jobs,freelance seo aeo strategist,Smartbug Media/Point Sucess/Globalia,united states,marketing,,14-05-2026,https://remoteok.com/remote-jobs/remote-freelance-seo-aeo-strategist-smartbug-media-point-sucess-globalia-1131555,FALSE,United States,Physical,Marketing & Growth
javascript_jobs,freelance seo aeo strategist,Smartbug Media/Point Sucess/Globalia,united states,excel,,14-05-2026,https://remoteok.com/remote-jobs/remote-freelance-seo-aeo-strategist-smartbug-media-point-sucess-globalia-1131555,FALSE,United States,Physical,Marketing & Growth
javascript_jobs,tech lead,Zensurance,"toronto, on",full stack,,10-05-2026,https://remoteok.com/remote-jobs/remote-tech-lead-zensurance-1131509,FALSE,Canada,Physical,Other
javascript_jobs,tech lead,Zensurance,"toronto, on",docker,,10-05-2026,https://remoteok.com/remote-jobs/remote-tech-lead-zensurance-1131509,FALSE,Canada,Physical,Other
javascript_jobs,tech lead,Zensurance,"toronto, on",testing,,10-05-2026,https://remoteok.com/remote-jobs/remote-tech-lead-zensurance-1131509,FALSE,Canada,Physical,Other
javascript_jobs,tech lead,Zensurance,"toronto, on",test,,10-05-2026,https://remoteok.com/remote-jobs/remote-tech-lead-zensurance-1131509,FALSE,Canada,Physical,Other
javascript_jobs,tech lead,Zensurance,"toronto, on",scrum,,10-05-2026,https://remoteok.com/remote-jobs/remote-tech-lead-zensurance-1131509,FALSE,Canada,Physical,Other
javascript_jobs,tech lead,Zensurance,"toronto, on",devops,,10-05-2026,https://remoteok.com/remote-jobs/remote-tech-lead-zensurance-1131509,FALSE,Canada,Physical,Other
javascript_jobs,tech lead,Zensurance,"toronto, on",edu,,10-05-2026,https://remoteok.com/remote-jobs/remote-tech-lead-zensurance-1131509,FALSE,Canada,Physical,Other
javascript_jobs,backend engineer,Paperpile,worldwide,ops,70000,01-05-2026,https://remoteok.com/remote-jobs/remote-backend-engineer-paperpile-1131382,TRUE,Remote,Remote,Software Engineering
javascript_jobs,backend engineer,Paperpile,worldwide,typescript,70000,01-05-2026,https://remoteok.com/remote-jobs/remote-backend-engineer-paperpile-1131382,TRUE,Remote,Remote,Software Engineering
javascript_jobs,senior full stack react developer,Lemon.io,latin america,react,50000,29-04-2026,https://remoteok.com/remote-jobs/remote-senior-full-stack-react-developer-lemon-io-1131339,FALSE,United States,Physical,Software Engineering
javascript_jobs,senior full stack react developer,Lemon.io,latin america,node,50000,29-04-2026,https://remoteok.com/remote-jobs/remote-senior-full-stack-react-developer-lemon-io-1131339,FALSE,United States,Physical,Software Engineering
javascript_jobs,senior full stack react developer,Lemon.io,latin america,python,50000,29-04-2026,https://remoteok.com/remote-jobs/remote-senior-full-stack-react-developer-lemon-io-1131339,FALSE,United States,Physical,Software Engineering
javascript_jobs,senior full stack react developer,Lemon.io,latin america,golang,50000,29-04-2026,https://remoteok.com/remote-jobs/remote-senior-full-stack-react-developer-lemon-io-1131339,FALSE,United States,Physical,Software Engineering
javascript_jobs,senior full stack react developer,Lemon.io,latin america,full stack,50000,29-04-2026,https://remoteok.com/remote-jobs/remote-senior-full-stack-react-developer-lemon-io-1131339,FALSE,United States,Physical,Software Engineering
javascript_jobs,technical implementations lead us,Smile Digital Health,united states,python,,23-04-2026,https://remoteok.com/remote-jobs/remote-technical-implementations-lead-us-smile-digital-health-1131239,TRUE,United States,Remote,Other
javascript_jobs,technical implementations lead us,Smile Digital Health,united states,java,,23-04-2026,https://remoteok.com/remote-jobs/remote-technical-implementations-lead-us-smile-digital-health-1131239,TRUE,United States,Remote,Other
javascript_jobs,banking full stack software developer tscm 43657,Eleks,poland,python,,22-04-2026,https://remoteok.com/remote-jobs/remote-banking-full-stack-software-developer-tscm-43657-eleks-1131120,FALSE,Poland,Physical,Software Engineering
javascript_jobs,banking full stack software developer tscm 43657,Eleks,poland,full stack,,22-04-2026,https://remoteok.com/remote-jobs/remote-banking-full-stack-software-developer-tscm-43657-eleks-1131120,FALSE,Poland,Physical,Software Engineering
javascript_jobs,banking full stack software developer tscm 43657,Eleks,poland,angular,,22-04-2026,https://remoteok.com/remote-jobs/remote-banking-full-stack-software-developer-tscm-43657-eleks-1131120,FALSE,Poland,Physical,Software Engineering
javascript_jobs,security engineer ii canada,NerdWallet,worldwide,python,,22-03-2026,https://remoteok.com/remote-jobs/remote-security-engineer-ii-canada-nerdwallet-1130860,TRUE,Remote,Remote,Cybersecurity
javascript_jobs,security engineer ii canada,NerdWallet,worldwide,test,,22-03-2026,https://remoteok.com/remote-jobs/remote-security-engineer-ii-canada-nerdwallet-1130860,TRUE,Remote,Remote,Cybersecurity
javascript_jobs,senior software engineer react,Creative Chaos,worldwide,react,,22-02-2026,https://remoteok.com/remote-jobs/remote-senior-software-engineer-react-creative-chaos-1130645,TRUE,Remote,Remote,Software Engineering
javascript_jobs,senior software engineer react,Creative Chaos,worldwide,jira,,22-02-2026,https://remoteok.com/remote-jobs/remote-senior-software-engineer-react-creative-chaos-1130645,TRUE,Remote,Remote,Software Engineering
javascript_jobs,senior software engineer react,Creative Chaos,worldwide,test,,22-02-2026,https://remoteok.com/remote-jobs/remote-senior-software-engineer-react-creative-chaos-1130645,TRUE,Remote,Remote,Software Engineering
javascript_jobs,senior software engineer react,Creative Chaos,worldwide,html,,22-02-2026,https://remoteok.com/remote-jobs/remote-senior-software-engineer-react-creative-chaos-1130645,TRUE,Remote,Remote,Software Engineering
javascript_jobs,software engineer ui,Brave,anywhere,ui,,22-02-2026,https://remoteok.com/remote-jobs/remote-software-engineer-ui-brave-1130515,TRUE,Remote,Remote,Software Engineering
javascript_jobs,software engineer ui,Brave,anywhere,react,,22-02-2026,https://remoteok.com/remote-jobs/remote-software-engineer-ui-brave-1130515,TRUE,Remote,Remote,Software Engineering
javascript_jobs,software engineer ui,Brave,anywhere,full stack,,22-02-2026,https://remoteok.com/remote-jobs/remote-software-engineer-ui-brave-1130515,TRUE,Remote,Remote,Software Engineering
javascript_jobs,software engineer ui,Brave,anywhere,c++,,22-02-2026,https://remoteok.com/remote-jobs/remote-software-engineer-ui-brave-1130515,TRUE,Remote,Remote,Software Engineering
javascript_jobs,software engineer ui,Brave,anywhere,css,,22-02-2026,https://remoteok.com/remote-jobs/remote-software-engineer-ui-brave-1130515,TRUE,Remote,Remote,Software Engineering
javascript_jobs,software engineer ui,Brave,anywhere,html,,22-02-2026,https://remoteok.com/remote-jobs/remote-software-engineer-ui-brave-1130515,TRUE,Remote,Remote,Software Engineering
javascript_jobs,software engineer ui,Brave,anywhere,ads,,22-02-2026,https://remoteok.com/remote-jobs/remote-software-engineer-ui-brave-1130515,TRUE,Remote,Remote,Software Engineering
javascript_jobs,job 27602 mid level developer nodejs brazil,CI&T,brazil,nodejs,,22-02-2026,https://remoteok.com/remote-jobs/remote-job-27602-mid-level-developer-nodejs-brazil-ciampt-1130433,FALSE,Other,Physical,Software Engineering
javascript_jobs,job 27602 mid level developer nodejs brazil,CI&T,brazil,api,,22-02-2026,https://remoteok.com/remote-jobs/remote-job-27602-mid-level-developer-nodejs-brazil-ciampt-1130433,FALSE,Other,Physical,Software Engineering
javascript_jobs,react native developer,Bluelight Consulting,"panama city, panama",react,,22-02-2026,https://remoteok.com/remote-jobs/remote-react-native-developer-bluelight-consulting-1130182,FALSE,Other,Physical,Software Engineering
javascript_jobs,react native developer,Bluelight Consulting,"panama city, panama",consulting,,22-02-2026,https://remoteok.com/remote-jobs/remote-react-native-developer-bluelight-consulting-1130182,FALSE,Other,Physical,Software Engineering
javascript_jobs,react native developer,Bluelight Consulting,"panama city, panama",ios,,22-02-2026,https://remoteok.com/remote-jobs/remote-react-native-developer-bluelight-consulting-1130182,FALSE,Other,Physical,Software Engineering
javascript_jobs,react native developer,Bluelight Consulting,"panama city, panama",consultancy,,22-02-2026,https://remoteok.com/remote-jobs/remote-react-native-developer-bluelight-consulting-1130182,FALSE,Other,Physical,Software Engineering
javascript_jobs,react native developer,Bluelight Consulting,"panama city, panama",ui,,22-02-2026,https://remoteok.com/remote-jobs/remote-react-native-developer-bluelight-consulting-1130182,FALSE,Other,Physical,Software Engineering
javascript_jobs,react native developer,Bluelight Consulting,"panama city, panama",android,,22-02-2026,https://remoteok.com/remote-jobs/remote-react-native-developer-bluelight-consulting-1130182,FALSE,Other,Physical,Software Engineering
javascript_jobs,ui developer r01560583,Brillio,"phoenix, arizona, united states",ui,,22-02-2026,https://remoteok.com/remote-jobs/remote-ui-developer-r01560583-brillio-1130131,FALSE,United States,Physical,Software Engineering
javascript_jobs,ui developer r01560583,Brillio,"phoenix, arizona, united states",react,,22-02-2026,https://remoteok.com/remote-jobs/remote-ui-developer-r01560583-brillio-1130131,FALSE,United States,Physical,Software Engineering
javascript_jobs,ui developer r01560583,Brillio,"phoenix, arizona, united states",html,,22-02-2026,https://remoteok.com/remote-jobs/remote-ui-developer-r01560583-brillio-1130131,FALSE,United States,Physical,Software Engineering
javascript_jobs,ui developer r01560583,Brillio,"phoenix, arizona, united states",angular,,22-02-2026,https://remoteok.com/remote-jobs/remote-ui-developer-r01560583-brillio-1130131,FALSE,United States,Physical,Software Engineering
javascript_jobs,technical support engineer,Swayable,san francisco,python,,22-01-2026,https://remoteok.com/remote-jobs/remote-technical-support-engineer-swayable-1129758,FALSE,Other,Physical,Customer Support & Success
javascript_jobs,senior lead designer web & interactive,Bullish US,new york,jira,,22-01-2026,https://remoteok.com/remote-jobs/remote-senior-lead-designer-web-amp-interactive-bullish-us-llc-1129708,FALSE,United States,Physical,UI/UX & Design
javascript_jobs,senior lead designer web & interactive,Bullish US,new york,web3,,22-01-2026,https://remoteok.com/remote-jobs/remote-senior-lead-designer-web-amp-interactive-bullish-us-llc-1129708,FALSE,United States,Physical,UI/UX & Design
javascript_jobs,senior lead designer web & interactive,Bullish US,new york,cryptocurrency,,22-01-2026,https://remoteok.com/remote-jobs/remote-senior-lead-designer-web-amp-interactive-bullish-us-llc-1129708,FALSE,United States,Physical,UI/UX & Design
javascript_jobs,senior lead designer web & interactive,Bullish US,new york,react,,22-01-2026,https://remoteok.com/remote-jobs/remote-senior-lead-designer-web-amp-interactive-bullish-us-llc-1129708,FALSE,United States,Physical,UI/UX & Design
javascript_jobs,senior lead designer web & interactive,Bullish US,new york,3d,,22-01-2026,https://remoteok.com/remote-jobs/remote-senior-lead-designer-web-amp-interactive-bullish-us-llc-1129708,FALSE,United States,Physical,UI/UX & Design
javascript_jobs,senior lead designer web & interactive,Bullish US,new york,quality assurance,,22-01-2026,https://remoteok.com/remote-jobs/remote-senior-lead-designer-web-amp-interactive-bullish-us-llc-1129708,FALSE,United States,Physical,UI/UX & Design
javascript_jobs,senior lead designer web & interactive,Bullish US,new york,marketing,,22-01-2026,https://remoteok.com/remote-jobs/remote-senior-lead-designer-web-amp-interactive-bullish-us-llc-1129708,FALSE,United States,Physical,UI/UX & Design
javascript_jobs,frontend engineer,ClearScore Technology Limited,cape town,react,,22-01-2026,https://remoteok.com/remote-jobs/remote-frontend-engineer-clearscore-technology-limited-1129691,FALSE,United States,Physical,Software Engineering
javascript_jobs,frontend engineer,ClearScore Technology Limited,cape town,scrum,,22-01-2026,https://remoteok.com/remote-jobs/remote-frontend-engineer-clearscore-technology-limited-1129691,FALSE,United States,Physical,Software Engineering
javascript_jobs,frontend engineer,ClearScore Technology Limited,cape town,nodejs,,22-01-2026,https://remoteok.com/remote-jobs/remote-frontend-engineer-clearscore-technology-limited-1129691,FALSE,United States,Physical,Software Engineering
javascript_jobs,senior software development engineer devops,Equip Health,worldwide,react,,22-01-2026,https://remoteok.com/remote-jobs/remote-senior-software-development-engineer-devops-equip-health-1129690,TRUE,Remote,Remote,DevOps & Cloud
javascript_jobs,senior software development engineer devops,Equip Health,worldwide,devops,,22-01-2026,https://remoteok.com/remote-jobs/remote-senior-software-development-engineer-devops-equip-health-1129690,TRUE,Remote,Remote,DevOps & Cloud
javascript_jobs,senior software development engineer devops,Equip Health,worldwide,serverless,,22-01-2026,https://remoteok.com/remote-jobs/remote-senior-software-development-engineer-devops-equip-health-1129690,TRUE,Remote,Remote,DevOps & Cloud
javascript_jobs,senior software development engineer devops,Equip Health,worldwide,legal,,22-01-2026,https://remoteok.com/remote-jobs/remote-senior-software-development-engineer-devops-equip-health-1129690,TRUE,Remote,Remote,DevOps & Cloud
javascript_jobs,software engineering intern,Emma – The Sleep Company,lisbon,devops,,22-01-2026,https://remoteok.com/remote-jobs/remote-software-engineering-intern-emma-the-sleep-company-1129611,FALSE,Other,Physical,Software Engineering
javascript_jobs,software engineering intern,Emma – The Sleep Company,lisbon,golang,,22-01-2026,https://remoteok.com/remote-jobs/remote-software-engineering-intern-emma-the-sleep-company-1129611,FALSE,Other,Physical,Software Engineering
javascript_jobs,software engineering intern,Emma – The Sleep Company,lisbon,ecommerce,,22-01-2026,https://remoteok.com/remote-jobs/remote-software-engineering-intern-emma-the-sleep-company-1129611,FALSE,Other,Physical,Software Engineering
javascript_jobs,senior software engineer,Jobgether,argentina,php,,22-01-2026,https://remoteok.com/remote-jobs/remote-senior-software-engineer-jobgether-1129575,FALSE,Other,Physical,Software Engineering
javascript_jobs,junior software developer full stack,KOHO,worldwide,react,,22-01-2026,https://remoteok.com/remote-jobs/remote-junior-software-developer-full-stack-koho-1129454,TRUE,Remote,Remote,Software Engineering
javascript_jobs,junior software developer full stack,KOHO,worldwide,rabbitmq,,22-01-2026,https://remoteok.com/remote-jobs/remote-junior-software-developer-full-stack-koho-1129454,TRUE,Remote,Remote,Software Engineering
javascript_jobs,junior software developer full stack,KOHO,worldwide,docker,,22-01-2026,https://remoteok.com/remote-jobs/remote-junior-software-developer-full-stack-koho-1129454,TRUE,Remote,Remote,Software Engineering
javascript_jobs,junior software developer full stack,KOHO,worldwide,git,,22-01-2026,https://remoteok.com/remote-jobs/remote-junior-software-developer-full-stack-koho-1129454,TRUE,Remote,Remote,Software Engineering
javascript_jobs,junior software developer full stack,KOHO,worldwide,postgresql,,22-01-2026,https://remoteok.com/remote-jobs/remote-junior-software-developer-full-stack-koho-1129454,TRUE,Remote,Remote,Software Engineering
javascript_jobs,junior software developer full stack,KOHO,worldwide,angular,,22-01-2026,https://remoteok.com/remote-jobs/remote-junior-software-developer-full-stack-koho-1129454,TRUE,Remote,Remote,Software Engineering
javascript_jobs,junior software developer full stack,KOHO,worldwide,api,,22-01-2026,https://remoteok.com/remote-jobs/remote-junior-software-developer-full-stack-koho-1129454,TRUE,Remote,Remote,Software Engineering
javascript_jobs,junior software developer full stack,KOHO,worldwide,golang,,22-01-2026,https://remoteok.com/remote-jobs/remote-junior-software-developer-full-stack-koho-1129454,TRUE,Remote,Remote,Software Engineering
javascript_jobs,overnight customer support engineer,"Rebuy,",worldwide,saas,,22-12-2025,https://remoteok.com/remote-jobs/remote-overnight-customer-support-engineer-rebuy-inc-1129261,TRUE,Remote,Remote,Customer Support & Success
javascript_jobs,overnight customer support engineer,"Rebuy,",worldwide,testing,,22-12-2025,https://remoteok.com/remote-jobs/remote-overnight-customer-support-engineer-rebuy-inc-1129261,TRUE,Remote,Remote,Customer Support & Success
javascript_jobs,overnight customer support engineer,"Rebuy,",worldwide,test,,22-12-2025,https://remoteok.com/remote-jobs/remote-overnight-customer-support-engineer-rebuy-inc-1129261,TRUE,Remote,Remote,Customer Support & Success
javascript_jobs,overnight customer support engineer,"Rebuy,",worldwide,scrum,,22-12-2025,https://remoteok.com/remote-jobs/remote-overnight-customer-support-engineer-rebuy-inc-1129261,TRUE,Remote,Remote,Customer Support & Success
javascript_jobs,overnight customer support engineer,"Rebuy,",worldwide,html,,22-12-2025,https://remoteok.com/remote-jobs/remote-overnight-customer-support-engineer-rebuy-inc-1129261,TRUE,Remote,Remote,Customer Support & Success
javascript_jobs,overnight customer support engineer,"Rebuy,",worldwide,legal,,22-12-2025,https://remoteok.com/remote-jobs/remote-overnight-customer-support-engineer-rebuy-inc-1129261,TRUE,Remote,Remote,Customer Support & Success
javascript_jobs,overnight customer support engineer,"Rebuy,",worldwide,ecommerce,,22-12-2025,https://remoteok.com/remote-jobs/remote-overnight-customer-support-engineer-rebuy-inc-1129261,TRUE,Remote,Remote,Customer Support & Success
javascript_jobs,software quality engineer,Gurobi Optimization,united states,react,,22-12-2025,https://remoteok.com/remote-jobs/remote-software-quality-engineer-gurobi-optimization-1129177,FALSE,United States,Physical,Quality Assurance & Testing
javascript_jobs,software quality engineer,Gurobi Optimization,united states,test,,22-12-2025,https://remoteok.com/remote-jobs/remote-software-quality-engineer-gurobi-optimization-1129177,FALSE,United States,Physical,Quality Assurance & Testing
javascript_jobs,software quality engineer,Gurobi Optimization,united states,groovy,,22-12-2025,https://remoteok.com/remote-jobs/remote-software-quality-engineer-gurobi-optimization-1129177,FALSE,United States,Physical,Quality Assurance & Testing
javascript_jobs,software quality engineer,Gurobi Optimization,united states,css,,22-12-2025,https://remoteok.com/remote-jobs/remote-software-quality-engineer-gurobi-optimization-1129177,FALSE,United States,Physical,Quality Assurance & Testing
javascript_jobs,software engineer,Tech Innovations,san francisco,testing,,22-11-2025,https://remoteok.com/remote-jobs/remote-software-engineer-tech-innovations-inc-1129031,FALSE,Other,Physical,Software Engineering
javascript_jobs,frontend angular symfony,XKTalent  - Rimutee,worldwide,php,,22-11-2025,https://remoteok.com/remote-jobs/remote-frontend-angular-symfony-xktalent-inc-rimutee-1128971,TRUE,Remote,Remote,Other
javascript_jobs,frontend angular symfony,XKTalent  - Rimutee,worldwide,git,,22-11-2025,https://remoteok.com/remote-jobs/remote-frontend-angular-symfony-xktalent-inc-rimutee-1128971,TRUE,Remote,Remote,Other
javascript_jobs,frontend angular symfony,XKTalent  - Rimutee,worldwide,angular,,22-11-2025,https://remoteok.com/remote-jobs/remote-frontend-angular-symfony-xktalent-inc-rimutee-1128971,TRUE,Remote,Remote,Other
javascript_jobs,senior javascript fullstack engineer,Filevine,united states,api,,22-11-2025,https://remoteok.com/remote-jobs/remote-senior-javascript-fullstack-engineer-filevine-1128894,FALSE,United States,Physical,Software Engineering
javascript_jobs,senior javascript fullstack engineer,Filevine,united states,legal,,22-11-2025,https://remoteok.com/remote-jobs/remote-senior-javascript-fullstack-engineer-filevine-1128894,FALSE,United States,Physical,Software Engineering
javascript_jobs,senior javascript fullstack engineer,Filevine,united states,full stack,,22-11-2025,https://remoteok.com/remote-jobs/remote-senior-javascript-fullstack-engineer-filevine-1128894,FALSE,United States,Physical,Software Engineering
javascript_jobs,seo specialist,QuillBot,india,seo,,22-10-2025,https://remoteok.com/remote-jobs/remote-seo-specialist-quillbot-1128844,FALSE,India,Physical,Marketing & Growth
javascript_jobs,seo specialist,QuillBot,india,marketing,,22-10-2025,https://remoteok.com/remote-jobs/remote-seo-specialist-quillbot-1128844,FALSE,India,Physical,Marketing & Growth
javascript_jobs,job 25535 master fullstack developer brazil,CI&T,brazil,html,,22-10-2025,https://remoteok.com/remote-jobs/remote-job-25535-master-fullstack-developer-brazil-ciampt-1128672,FALSE,Other,Physical,Software Engineering
javascript_jobs,job 25535 master fullstack developer brazil,CI&T,brazil,node,,22-10-2025,https://remoteok.com/remote-jobs/remote-job-25535-master-fullstack-developer-brazil-ciampt-1128672,FALSE,Other,Physical,Software Engineering
javascript_jobs,job 25535 master fullstack developer brazil,CI&T,brazil,full stack,,22-10-2025,https://remoteok.com/remote-jobs/remote-job-25535-master-fullstack-developer-brazil-ciampt-1128672,FALSE,Other,Physical,Software Engineering
javascript_jobs,web engineer,Coins.ph,"shanghai, china",cryptocurrency,,22-10-2025,https://remoteok.com/remote-jobs/remote-web-engineer-coins-ph-1128502,FALSE,Other,Physical,Other
javascript_jobs,web engineer,Coins.ph,"shanghai, china",test,,22-10-2025,https://remoteok.com/remote-jobs/remote-web-engineer-coins-ph-1128502,FALSE,Other,Physical,Other
javascript_jobs,web engineer,Coins.ph,"shanghai, china",ux,,22-10-2025,https://remoteok.com/remote-jobs/remote-web-engineer-coins-ph-1128502,FALSE,Other,Physical,Other
javascript_jobs,manager integration solutions,Firework,malaysia,saas,,22-10-2025,https://remoteok.com/remote-jobs/remote-manager-integration-solutions-firework-1128482,FALSE,Other,Physical,Other
javascript_jobs,manager integration solutions,Firework,malaysia,shopify,,22-10-2025,https://remoteok.com/remote-jobs/remote-manager-integration-solutions-firework-1128482,FALSE,Other,Physical,Other
javascript_jobs,product engineer,Tolt,worldwide,typescript,40000,22-07-2025,https://remoteok.com/remote-jobs/remote-product-engineer-tolt-1093775,TRUE,Remote,Remote,Other
javascript_jobs,product engineer,Tolt,worldwide,react,40000,22-07-2025,https://remoteok.com/remote-jobs/remote-product-engineer-tolt-1093775,TRUE,Remote,Remote,Other
javascript_jobs,product engineer,Tolt,worldwide,aws,40000,22-07-2025,https://remoteok.com/remote-jobs/remote-product-engineer-tolt-1093775,TRUE,Remote,Remote,Other
javascript_jobs,fullstack engineer,NTD software,latin america,react,,22-08-2025,https://remoteok.com/remote-jobs/remote-fullstack-engineer-ntd-software-1093802,FALSE,United States,Physical,Other
javascript_jobs,fullstack engineer,NTD software,latin america,devops,,22-08-2025,https://remoteok.com/remote-jobs/remote-fullstack-engineer-ntd-software-1093802,FALSE,United States,Physical,Other
javascript_jobs,fullstack engineer,NTD software,latin america,css,,22-08-2025,https://remoteok.com/remote-jobs/remote-fullstack-engineer-ntd-software-1093802,FALSE,United States,Physical,Other
javascript_jobs,fullstack engineer,NTD software,latin america,full stack,,22-08-2025,https://remoteok.com/remote-jobs/remote-fullstack-engineer-ntd-software-1093802,FALSE,United States,Physical,Other
react_jobs,senior cro manager growth optimization lead for us dtc company,Paired,worldwide,swift,,18-05-2026,https://remoteok.com/remote-jobs/remote-senior-cro-manager-growth-optimization-lead-for-us-dtc-company-paired-1131608,TRUE,Remote,Remote,Marketing & Growth
react_jobs,senior cro manager growth optimization lead for us dtc company,Paired,worldwide,testing,,18-05-2026,https://remoteok.com/remote-jobs/remote-senior-cro-manager-growth-optimization-lead-for-us-dtc-company-paired-1131608,TRUE,Remote,Remote,Marketing & Growth
react_jobs,senior cro manager growth optimization lead for us dtc company,Paired,worldwide,test,,18-05-2026,https://remoteok.com/remote-jobs/remote-senior-cro-manager-growth-optimization-lead-for-us-dtc-company-paired-1131608,TRUE,Remote,Remote,Marketing & Growth
react_jobs,senior cro manager growth optimization lead for us dtc company,Paired,worldwide,ux,,18-05-2026,https://remoteok.com/remote-jobs/remote-senior-cro-manager-growth-optimization-lead-for-us-dtc-company-paired-1131608,TRUE,Remote,Remote,Marketing & Growth
react_jobs,senior cro manager growth optimization lead for us dtc company,Paired,worldwide,recruiting,,18-05-2026,https://remoteok.com/remote-jobs/remote-senior-cro-manager-growth-optimization-lead-for-us-dtc-company-paired-1131608,TRUE,Remote,Remote,Marketing & Growth
react_jobs,senior cro manager growth optimization lead for us dtc company,Paired,worldwide,ecommerce,,18-05-2026,https://remoteok.com/remote-jobs/remote-senior-cro-manager-growth-optimization-lead-for-us-dtc-company-paired-1131608,TRUE,Remote,Remote,Marketing & Growth
react_jobs,senior cro manager growth optimization lead for us dtc company,Paired,worldwide,shopify,,18-05-2026,https://remoteok.com/remote-jobs/remote-senior-cro-manager-growth-optimization-lead-for-us-dtc-company-paired-1131608,TRUE,Remote,Remote,Marketing & Growth
react_jobs,senior ai system software developer,Wealthsimple Technologies,worldwide,redis,,15-05-2026,https://remoteok.com/remote-jobs/remote-senior-ai-system-software-developer-wealthsimple-technologies-1131572,TRUE,Remote,Remote,Software Engineering
react_jobs,senior ai system software developer,Wealthsimple Technologies,worldwide,full stack,,15-05-2026,https://remoteok.com/remote-jobs/remote-senior-ai-system-software-developer-wealthsimple-technologies-1131572,TRUE,Remote,Remote,Software Engineering
react_jobs,senior ai system software developer,Wealthsimple Technologies,worldwide,golang,,15-05-2026,https://remoteok.com/remote-jobs/remote-senior-ai-system-software-developer-wealthsimple-technologies-1131572,TRUE,Remote,Remote,Software Engineering
react_jobs,integration test manager vha required,Ibility,washington dc,test,,02-05-2026,https://remoteok.com/remote-jobs/remote-integration-test-manager-vha-required-ibility-1131389,FALSE,United States,Physical,UI/UX & Design
react_jobs,integration test manager vha required,Ibility,washington dc,testing,,02-05-2026,https://remoteok.com/remote-jobs/remote-integration-test-manager-vha-required-ibility-1131389,FALSE,United States,Physical,UI/UX & Design
react_jobs,engineer software,Calabrio,worldwide,c#,,29-04-2026,https://remoteok.com/remote-jobs/remote-engineer-software-calabrio-1131345,TRUE,Remote,Remote,Other
react_jobs,engineer software,Calabrio,worldwide,saas,,29-04-2026,https://remoteok.com/remote-jobs/remote-engineer-software-calabrio-1131345,TRUE,Remote,Remote,Other
react_jobs,engineer software,Calabrio,worldwide,full stack,,29-04-2026,https://remoteok.com/remote-jobs/remote-engineer-software-calabrio-1131345,TRUE,Remote,Remote,Other
react_jobs,engineer software,Calabrio,worldwide,docker,,29-04-2026,https://remoteok.com/remote-jobs/remote-engineer-software-calabrio-1131345,TRUE,Remote,Remote,Other
react_jobs,engineer software,Calabrio,worldwide,testing,,29-04-2026,https://remoteok.com/remote-jobs/remote-engineer-software-calabrio-1131345,TRUE,Remote,Remote,Other
react_jobs,engineer software,Calabrio,worldwide,ui,,29-04-2026,https://remoteok.com/remote-jobs/remote-engineer-software-calabrio-1131345,TRUE,Remote,Remote,Other
react_jobs,engineer software,Calabrio,worldwide,ux,,29-04-2026,https://remoteok.com/remote-jobs/remote-engineer-software-calabrio-1131345,TRUE,Remote,Remote,Other
react_jobs,engineer software,Calabrio,worldwide,scrum,,29-04-2026,https://remoteok.com/remote-jobs/remote-engineer-software-calabrio-1131345,TRUE,Remote,Remote,Other
react_jobs,engineer software,Calabrio,worldwide,quality assurance,,29-04-2026,https://remoteok.com/remote-jobs/remote-engineer-software-calabrio-1131345,TRUE,Remote,Remote,Other
react_jobs,engineer software,Calabrio,worldwide,devops,,29-04-2026,https://remoteok.com/remote-jobs/remote-engineer-software-calabrio-1131345,TRUE,Remote,Remote,Other
react_jobs,engineer software,Calabrio,worldwide,javascript,,29-04-2026,https://remoteok.com/remote-jobs/remote-engineer-software-calabrio-1131345,TRUE,Remote,Remote,Other
react_jobs,engineer software,Calabrio,worldwide,java,,29-04-2026,https://remoteok.com/remote-jobs/remote-engineer-software-calabrio-1131345,TRUE,Remote,Remote,Other
react_jobs,engineer software,Calabrio,worldwide,nosql,,29-04-2026,https://remoteok.com/remote-jobs/remote-engineer-software-calabrio-1131345,TRUE,Remote,Remote,Other
react_jobs,engineer software,Calabrio,worldwide,git,,29-04-2026,https://remoteok.com/remote-jobs/remote-engineer-software-calabrio-1131345,TRUE,Remote,Remote,Other
react_jobs,engineer software,Calabrio,worldwide,api,,29-04-2026,https://remoteok.com/remote-jobs/remote-engineer-software-calabrio-1131345,TRUE,Remote,Remote,Other
react_jobs,senior full stack react developer,Lemon.io,latin america,javascript,50000,29-04-2026,https://remoteok.com/remote-jobs/remote-senior-full-stack-react-developer-lemon-io-1131339,FALSE,United States,Physical,Software Engineering
react_jobs,senior full stack react developer,Lemon.io,latin america,node,50000,29-04-2026,https://remoteok.com/remote-jobs/remote-senior-full-stack-react-developer-lemon-io-1131339,FALSE,United States,Physical,Software Engineering
react_jobs,senior full stack react developer,Lemon.io,latin america,python,50000,29-04-2026,https://remoteok.com/remote-jobs/remote-senior-full-stack-react-developer-lemon-io-1131339,FALSE,United States,Physical,Software Engineering
react_jobs,senior full stack react developer,Lemon.io,latin america,golang,50000,29-04-2026,https://remoteok.com/remote-jobs/remote-senior-full-stack-react-developer-lemon-io-1131339,FALSE,United States,Physical,Software Engineering
react_jobs,senior full stack react developer,Lemon.io,latin america,full stack,50000,29-04-2026,https://remoteok.com/remote-jobs/remote-senior-full-stack-react-developer-lemon-io-1131339,FALSE,United States,Physical,Software Engineering
react_jobs,full stack product engineer,Pivotal Health,los angeles,ui,,26-04-2026,https://remoteok.com/remote-jobs/remote-full-stack-product-engineer-pivotal-health-1131314,FALSE,Other,Physical,Software Engineering
react_jobs,xsolla senior full stack engineer,Xsolla,serbia,full stack,,22-04-2026,https://remoteok.com/remote-jobs/remote-xsolla-senior-full-stack-engineer-xsolla-1131072,FALSE,Other,Physical,Software Engineering
react_jobs,xsolla senior full stack engineer,Xsolla,serbia,docker,,22-04-2026,https://remoteok.com/remote-jobs/remote-xsolla-senior-full-stack-engineer-xsolla-1131072,FALSE,Other,Physical,Software Engineering
react_jobs,xsolla senior full stack engineer,Xsolla,serbia,golang,,22-04-2026,https://remoteok.com/remote-jobs/remote-xsolla-senior-full-stack-engineer-xsolla-1131072,FALSE,Other,Physical,Software Engineering
react_jobs,staff engineer digital lending,OakNorth,london,saas,,22-04-2026,https://remoteok.com/remote-jobs/remote-staff-engineer-digital-lending-oaknorth-1131028,FALSE,United Kingdom,Physical,Other
react_jobs,staff engineer digital lending,OakNorth,london,testing,,22-04-2026,https://remoteok.com/remote-jobs/remote-staff-engineer-digital-lending-oaknorth-1131028,FALSE,United Kingdom,Physical,Other
react_jobs,staff engineer digital lending,OakNorth,london,test,,22-04-2026,https://remoteok.com/remote-jobs/remote-staff-engineer-digital-lending-oaknorth-1131028,FALSE,United Kingdom,Physical,Other
react_jobs,staff engineer digital lending,OakNorth,london,devops,,22-04-2026,https://remoteok.com/remote-jobs/remote-staff-engineer-digital-lending-oaknorth-1131028,FALSE,United Kingdom,Physical,Other
react_jobs,staff engineer digital lending,OakNorth,london,bank,,22-04-2026,https://remoteok.com/remote-jobs/remote-staff-engineer-digital-lending-oaknorth-1131028,FALSE,United Kingdom,Physical,Other
react_jobs,staff engineer digital lending,OakNorth,london,golang,,22-04-2026,https://remoteok.com/remote-jobs/remote-staff-engineer-digital-lending-oaknorth-1131028,FALSE,United Kingdom,Physical,Other
react_jobs,ci&t 27985 senior ai engineer brazil,CI&T,brazil,api,,22-03-2026,https://remoteok.com/remote-jobs/remote-cit-27985-senior-ai-engineer-brazil-cit-1130751,FALSE,Other,Physical,Data Science & AI
react_jobs,senior software engineer react,Creative Chaos,worldwide,jira,,22-02-2026,https://remoteok.com/remote-jobs/remote-senior-software-engineer-react-creative-chaos-1130645,TRUE,Remote,Remote,Software Engineering
react_jobs,senior software engineer react,Creative Chaos,worldwide,test,,22-02-2026,https://remoteok.com/remote-jobs/remote-senior-software-engineer-react-creative-chaos-1130645,TRUE,Remote,Remote,Software Engineering
react_jobs,senior software engineer react,Creative Chaos,worldwide,javascript,,22-02-2026,https://remoteok.com/remote-jobs/remote-senior-software-engineer-react-creative-chaos-1130645,TRUE,Remote,Remote,Software Engineering
react_jobs,senior software engineer react,Creative Chaos,worldwide,html,,22-02-2026,https://remoteok.com/remote-jobs/remote-senior-software-engineer-react-creative-chaos-1130645,TRUE,Remote,Remote,Software Engineering
react_jobs,software engineer ui,Brave,anywhere,ui,,22-02-2026,https://remoteok.com/remote-jobs/remote-software-engineer-ui-brave-1130515,TRUE,Remote,Remote,Software Engineering
react_jobs,software engineer ui,Brave,anywhere,full stack,,22-02-2026,https://remoteok.com/remote-jobs/remote-software-engineer-ui-brave-1130515,TRUE,Remote,Remote,Software Engineering
react_jobs,software engineer ui,Brave,anywhere,javascript,,22-02-2026,https://remoteok.com/remote-jobs/remote-software-engineer-ui-brave-1130515,TRUE,Remote,Remote,Software Engineering
react_jobs,software engineer ui,Brave,anywhere,c++,,22-02-2026,https://remoteok.com/remote-jobs/remote-software-engineer-ui-brave-1130515,TRUE,Remote,Remote,Software Engineering
react_jobs,software engineer ui,Brave,anywhere,css,,22-02-2026,https://remoteok.com/remote-jobs/remote-software-engineer-ui-brave-1130515,TRUE,Remote,Remote,Software Engineering
react_jobs,software engineer ui,Brave,anywhere,html,,22-02-2026,https://remoteok.com/remote-jobs/remote-software-engineer-ui-brave-1130515,TRUE,Remote,Remote,Software Engineering
react_jobs,software engineer ui,Brave,anywhere,ads,,22-02-2026,https://remoteok.com/remote-jobs/remote-software-engineer-ui-brave-1130515,TRUE,Remote,Remote,Software Engineering
react_jobs,react native developer,Bluelight Consulting,"panama city, panama",consulting,,22-02-2026,https://remoteok.com/remote-jobs/remote-react-native-developer-bluelight-consulting-1130182,FALSE,Other,Physical,Software Engineering
react_jobs,react native developer,Bluelight Consulting,"panama city, panama",ios,,22-02-2026,https://remoteok.com/remote-jobs/remote-react-native-developer-bluelight-consulting-1130182,FALSE,Other,Physical,Software Engineering
react_jobs,react native developer,Bluelight Consulting,"panama city, panama",consultancy,,22-02-2026,https://remoteok.com/remote-jobs/remote-react-native-developer-bluelight-consulting-1130182,FALSE,Other,Physical,Software Engineering
react_jobs,react native developer,Bluelight Consulting,"panama city, panama",ui,,22-02-2026,https://remoteok.com/remote-jobs/remote-react-native-developer-bluelight-consulting-1130182,FALSE,Other,Physical,Software Engineering
react_jobs,react native developer,Bluelight Consulting,"panama city, panama",javascript,,22-02-2026,https://remoteok.com/remote-jobs/remote-react-native-developer-bluelight-consulting-1130182,FALSE,Other,Physical,Software Engineering
react_jobs,react native developer,Bluelight Consulting,"panama city, panama",android,,22-02-2026,https://remoteok.com/remote-jobs/remote-react-native-developer-bluelight-consulting-1130182,FALSE,Other,Physical,Software Engineering
react_jobs,ui developer r01560583,Brillio,"phoenix, arizona, united states",ui,,22-02-2026,https://remoteok.com/remote-jobs/remote-ui-developer-r01560583-brillio-1130131,FALSE,United States,Physical,Software Engineering
react_jobs,ui developer r01560583,Brillio,"phoenix, arizona, united states",react,,22-02-2026,https://remoteok.com/remote-jobs/remote-ui-developer-r01560583-brillio-1130131,FALSE,United States,Physical,Software Engineering
react_jobs,ui developer r01560583,Brillio,"phoenix, arizona, united states",javascript,,22-02-2026,https://remoteok.com/remote-jobs/remote-ui-developer-r01560583-brillio-1130131,FALSE,United States,Physical,Software Engineering
react_jobs,ui developer r01560583,Brillio,"phoenix, arizona, united states",html,,22-02-2026,https://remoteok.com/remote-jobs/remote-ui-developer-r01560583-brillio-1130131,FALSE,United States,Physical,Software Engineering
react_jobs,ui developer r01560583,Brillio,"phoenix, arizona, united states",angular,,22-02-2026,https://remoteok.com/remote-jobs/remote-ui-developer-r01560583-brillio-1130131,FALSE,United States,Physical,Software Engineering
react_jobs,staff frontend engineer,Alpaca,worldwide,cryptocurrency,,22-01-2026,https://remoteok.com/remote-jobs/remote-staff-frontend-engineer-alpaca-1130038,TRUE,Remote,Remote,Software Engineering
react_jobs,staff frontend engineer,Alpaca,worldwide,api,,22-01-2026,https://remoteok.com/remote-jobs/remote-staff-frontend-engineer-alpaca-1130038,TRUE,Remote,Remote,Software Engineering
react_jobs,social media manager,OLIVER Agency,kingston,marketing,,22-01-2026,https://remoteok.com/remote-jobs/remote-social-media-manager-oliver-agency-1129923,FALSE,Other,Physical,Marketing & Growth
react_jobs,senior engineer confluent marketplace partner applied solution,Confluent,worldwide,saas,,22-01-2026,https://remoteok.com/remote-jobs/remote-senior-engineer-confluent-marketplace-partner-applied-solution-confluent-1129855,TRUE,Remote,Remote,Other
react_jobs,senior engineer confluent marketplace partner applied solution,Confluent,worldwide,ui,,22-01-2026,https://remoteok.com/remote-jobs/remote-senior-engineer-confluent-marketplace-partner-applied-solution-confluent-1129855,TRUE,Remote,Remote,Other
react_jobs,senior product designer türkiye,JumpCloud,"ankara, türkiye remote",embedded,,22-01-2026,https://remoteok.com/remote-jobs/remote-senior-product-designer-turkiye-jumpcloud-1129854,TRUE,Remote,Remote,UI/UX & Design
react_jobs,senior product designer türkiye,JumpCloud,"ankara, türkiye remote",ux,,22-01-2026,https://remoteok.com/remote-jobs/remote-senior-product-designer-turkiye-jumpcloud-1129854,TRUE,Remote,Remote,UI/UX & Design
react_jobs,senior product designer türkiye,JumpCloud,"ankara, türkiye remote",bank,,22-01-2026,https://remoteok.com/remote-jobs/remote-senior-product-designer-turkiye-jumpcloud-1129854,TRUE,Remote,Remote,UI/UX & Design
react_jobs,senior product designer türkiye,JumpCloud,"ankara, türkiye remote",android,,22-01-2026,https://remoteok.com/remote-jobs/remote-senior-product-designer-turkiye-jumpcloud-1129854,TRUE,Remote,Remote,UI/UX & Design
react_jobs,senior lead designer web & interactive,Bullish US,new york,jira,,22-01-2026,https://remoteok.com/remote-jobs/remote-senior-lead-designer-web-amp-interactive-bullish-us-llc-1129708,FALSE,United States,Physical,UI/UX & Design
react_jobs,senior lead designer web & interactive,Bullish US,new york,web3,,22-01-2026,https://remoteok.com/remote-jobs/remote-senior-lead-designer-web-amp-interactive-bullish-us-llc-1129708,FALSE,United States,Physical,UI/UX & Design
react_jobs,senior lead designer web & interactive,Bullish US,new york,cryptocurrency,,22-01-2026,https://remoteok.com/remote-jobs/remote-senior-lead-designer-web-amp-interactive-bullish-us-llc-1129708,FALSE,United States,Physical,UI/UX & Design
react_jobs,senior lead designer web & interactive,Bullish US,new york,3d,,22-01-2026,https://remoteok.com/remote-jobs/remote-senior-lead-designer-web-amp-interactive-bullish-us-llc-1129708,FALSE,United States,Physical,UI/UX & Design
react_jobs,senior lead designer web & interactive,Bullish US,new york,quality assurance,,22-01-2026,https://remoteok.com/remote-jobs/remote-senior-lead-designer-web-amp-interactive-bullish-us-llc-1129708,FALSE,United States,Physical,UI/UX & Design
react_jobs,senior lead designer web & interactive,Bullish US,new york,javascript,,22-01-2026,https://remoteok.com/remote-jobs/remote-senior-lead-designer-web-amp-interactive-bullish-us-llc-1129708,FALSE,United States,Physical,UI/UX & Design
react_jobs,senior lead designer web & interactive,Bullish US,new york,marketing,,22-01-2026,https://remoteok.com/remote-jobs/remote-senior-lead-designer-web-amp-interactive-bullish-us-llc-1129708,FALSE,United States,Physical,UI/UX & Design
react_jobs,frontend engineer,ClearScore Technology Limited,cape town,scrum,,22-01-2026,https://remoteok.com/remote-jobs/remote-frontend-engineer-clearscore-technology-limited-1129691,FALSE,United States,Physical,Software Engineering
react_jobs,frontend engineer,ClearScore Technology Limited,cape town,javascript,,22-01-2026,https://remoteok.com/remote-jobs/remote-frontend-engineer-clearscore-technology-limited-1129691,FALSE,United States,Physical,Software Engineering
react_jobs,frontend engineer,ClearScore Technology Limited,cape town,nodejs,,22-01-2026,https://remoteok.com/remote-jobs/remote-frontend-engineer-clearscore-technology-limited-1129691,FALSE,United States,Physical,Software Engineering
react_jobs,senior software development engineer devops,Equip Health,worldwide,devops,,22-01-2026,https://remoteok.com/remote-jobs/remote-senior-software-development-engineer-devops-equip-health-1129690,TRUE,Remote,Remote,DevOps & Cloud
react_jobs,senior software development engineer devops,Equip Health,worldwide,javascript,,22-01-2026,https://remoteok.com/remote-jobs/remote-senior-software-development-engineer-devops-equip-health-1129690,TRUE,Remote,Remote,DevOps & Cloud
react_jobs,senior software development engineer devops,Equip Health,worldwide,serverless,,22-01-2026,https://remoteok.com/remote-jobs/remote-senior-software-development-engineer-devops-equip-health-1129690,TRUE,Remote,Remote,DevOps & Cloud
react_jobs,senior software development engineer devops,Equip Health,worldwide,legal,,22-01-2026,https://remoteok.com/remote-jobs/remote-senior-software-development-engineer-devops-equip-health-1129690,TRUE,Remote,Remote,DevOps & Cloud
react_jobs,junior software developer full stack,KOHO,worldwide,rabbitmq,,22-01-2026,https://remoteok.com/remote-jobs/remote-junior-software-developer-full-stack-koho-1129454,TRUE,Remote,Remote,Software Engineering
react_jobs,junior software developer full stack,KOHO,worldwide,docker,,22-01-2026,https://remoteok.com/remote-jobs/remote-junior-software-developer-full-stack-koho-1129454,TRUE,Remote,Remote,Software Engineering
react_jobs,junior software developer full stack,KOHO,worldwide,javascript,,22-01-2026,https://remoteok.com/remote-jobs/remote-junior-software-developer-full-stack-koho-1129454,TRUE,Remote,Remote,Software Engineering
react_jobs,junior software developer full stack,KOHO,worldwide,git,,22-01-2026,https://remoteok.com/remote-jobs/remote-junior-software-developer-full-stack-koho-1129454,TRUE,Remote,Remote,Software Engineering
react_jobs,junior software developer full stack,KOHO,worldwide,postgresql,,22-01-2026,https://remoteok.com/remote-jobs/remote-junior-software-developer-full-stack-koho-1129454,TRUE,Remote,Remote,Software Engineering
react_jobs,junior software developer full stack,KOHO,worldwide,angular,,22-01-2026,https://remoteok.com/remote-jobs/remote-junior-software-developer-full-stack-koho-1129454,TRUE,Remote,Remote,Software Engineering
react_jobs,junior software developer full stack,KOHO,worldwide,api,,22-01-2026,https://remoteok.com/remote-jobs/remote-junior-software-developer-full-stack-koho-1129454,TRUE,Remote,Remote,Software Engineering
react_jobs,junior software developer full stack,KOHO,worldwide,golang,,22-01-2026,https://remoteok.com/remote-jobs/remote-junior-software-developer-full-stack-koho-1129454,TRUE,Remote,Remote,Software Engineering
react_jobs,cloud full stack python software engineer us,"Railroad19,",us remote,python,,22-12-2025,https://remoteok.com/remote-jobs/remote-cloud-full-stack-python-software-engineer-us-railroad19-inc-1129344,TRUE,Remote,Remote,Software Engineering
react_jobs,cloud full stack python software engineer us,"Railroad19,",us remote,serverless,,22-12-2025,https://remoteok.com/remote-jobs/remote-cloud-full-stack-python-software-engineer-us-railroad19-inc-1129344,TRUE,Remote,Remote,Software Engineering
react_jobs,cloud full stack python software engineer us,"Railroad19,",us remote,nosql,,22-12-2025,https://remoteok.com/remote-jobs/remote-cloud-full-stack-python-software-engineer-us-railroad19-inc-1129344,TRUE,Remote,Remote,Software Engineering
react_jobs,cloud full stack python software engineer us,"Railroad19,",us remote,angular,,22-12-2025,https://remoteok.com/remote-jobs/remote-cloud-full-stack-python-software-engineer-us-railroad19-inc-1129344,TRUE,Remote,Remote,Software Engineering
react_jobs,full stack engineer contacts,Calendly,united states,saas,,22-12-2025,https://remoteok.com/remote-jobs/remote-full-stack-engineer-contacts-calendly-1129339,TRUE,United States,Remote,Software Engineering
react_jobs,full stack engineer contacts,Calendly,united states,nodejs,,22-12-2025,https://remoteok.com/remote-jobs/remote-full-stack-engineer-contacts-calendly-1129339,TRUE,United States,Remote,Software Engineering
react_jobs,software engineer,Field Nation,dhaka,saas,,22-12-2025,https://remoteok.com/remote-jobs/remote-software-engineer-field-nation-1129287,FALSE,Other,Physical,Software Engineering
react_jobs,software engineer,Field Nation,dhaka,docker,,22-12-2025,https://remoteok.com/remote-jobs/remote-software-engineer-field-nation-1129287,FALSE,Other,Physical,Software Engineering
react_jobs,software engineer,Field Nation,dhaka,php,,22-12-2025,https://remoteok.com/remote-jobs/remote-software-engineer-field-nation-1129287,FALSE,Other,Physical,Software Engineering
react_jobs,software engineer,Field Nation,dhaka,html,,22-12-2025,https://remoteok.com/remote-jobs/remote-software-engineer-field-nation-1129287,FALSE,Other,Physical,Software Engineering
react_jobs,software engineer,Field Nation,dhaka,git,,22-12-2025,https://remoteok.com/remote-jobs/remote-software-engineer-field-nation-1129287,FALSE,Other,Physical,Software Engineering
react_jobs,software engineer,Field Nation,dhaka,mysql,,22-12-2025,https://remoteok.com/remote-jobs/remote-software-engineer-field-nation-1129287,FALSE,Other,Physical,Software Engineering
react_jobs,software engineer,Field Nation,dhaka,nodejs,,22-12-2025,https://remoteok.com/remote-jobs/remote-software-engineer-field-nation-1129287,FALSE,Other,Physical,Software Engineering
react_jobs,software engineer,Field Nation,dhaka,linux,,22-12-2025,https://remoteok.com/remote-jobs/remote-software-engineer-field-nation-1129287,FALSE,Other,Physical,Software Engineering
react_jobs,software engineer iii,MeridianLink,worldwide,c#,,22-12-2025,https://remoteok.com/remote-jobs/remote-software-engineer-iii-meridianlink-1129270,TRUE,Remote,Remote,Software Engineering
react_jobs,full stack software engineer,CompassX Group,remote cst timezone,full stack,,22-12-2025,https://remoteok.com/remote-jobs/remote-full-stack-software-engineer-compassx-group-1129186,TRUE,Remote,Remote,Software Engineering
react_jobs,software quality engineer,Gurobi Optimization,united states,test,,22-12-2025,https://remoteok.com/remote-jobs/remote-software-quality-engineer-gurobi-optimization-1129177,FALSE,United States,Physical,Quality Assurance & Testing
react_jobs,software quality engineer,Gurobi Optimization,united states,javascript,,22-12-2025,https://remoteok.com/remote-jobs/remote-software-quality-engineer-gurobi-optimization-1129177,FALSE,United States,Physical,Quality Assurance & Testing
react_jobs,software quality engineer,Gurobi Optimization,united states,groovy,,22-12-2025,https://remoteok.com/remote-jobs/remote-software-quality-engineer-gurobi-optimization-1129177,FALSE,United States,Physical,Quality Assurance & Testing
react_jobs,software quality engineer,Gurobi Optimization,united states,css,,22-12-2025,https://remoteok.com/remote-jobs/remote-software-quality-engineer-gurobi-optimization-1129177,FALSE,United States,Physical,Quality Assurance & Testing
react_jobs,software engineer,Tech Innovations,san francisco,testing,,22-12-2025,https://remoteok.com/remote-jobs/remote-software-engineer-tech-innovations-inc-1129153,FALSE,Other,Physical,Software Engineering
react_jobs,cloud architect nodejs react,3Pillar,india,saas,,22-12-2025,https://remoteok.com/remote-jobs/remote-cloud-architect-nodejs-react-3pillar-1129146,FALSE,India,Physical,Software Engineering
react_jobs,cloud architect nodejs react,3Pillar,india,devops,,22-12-2025,https://remoteok.com/remote-jobs/remote-cloud-architect-nodejs-react-3pillar-1129146,FALSE,India,Physical,Software Engineering
react_jobs,cloud architect nodejs react,3Pillar,india,serverless,,22-12-2025,https://remoteok.com/remote-jobs/remote-cloud-architect-nodejs-react-3pillar-1129146,FALSE,India,Physical,Software Engineering
react_jobs,cloud architect nodejs react,3Pillar,india,nodejs,,22-12-2025,https://remoteok.com/remote-jobs/remote-cloud-architect-nodejs-react-3pillar-1129146,FALSE,India,Physical,Software Engineering
react_jobs,cloud architect nodejs react,3Pillar,india,typescript,,22-12-2025,https://remoteok.com/remote-jobs/remote-cloud-architect-nodejs-react-3pillar-1129146,FALSE,India,Physical,Software Engineering
react_jobs,software engineer,Tech Innovations,san francisco,testing,,22-11-2025,https://remoteok.com/remote-jobs/remote-software-engineer-tech-innovations-inc-1129067,FALSE,Other,Physical,Software Engineering
react_jobs,full stack engineer developer portal,Helius,worldwide,web3,,22-11-2025,https://remoteok.com/remote-jobs/remote-full-stack-engineer-developer-portal-helius-1128980,TRUE,Remote,Remote,Software Engineering
react_jobs,full stack engineer developer portal,Helius,worldwide,full stack,,22-11-2025,https://remoteok.com/remote-jobs/remote-full-stack-engineer-developer-portal-helius-1128980,TRUE,Remote,Remote,Software Engineering
react_jobs,full stack engineer developer portal,Helius,worldwide,devops,,22-11-2025,https://remoteok.com/remote-jobs/remote-full-stack-engineer-developer-portal-helius-1128980,TRUE,Remote,Remote,Software Engineering
react_jobs,full stack engineer developer portal,Helius,worldwide,api,,22-11-2025,https://remoteok.com/remote-jobs/remote-full-stack-engineer-developer-portal-helius-1128980,TRUE,Remote,Remote,Software Engineering
react_jobs,full stack engineer,Darkroom,new york,devops,,22-11-2025,https://remoteok.com/remote-jobs/remote-full-stack-engineer-darkroom-1128975,FALSE,United States,Physical,Software Engineering
react_jobs,full stack engineer,Darkroom,new york,marketing,,22-11-2025,https://remoteok.com/remote-jobs/remote-full-stack-engineer-darkroom-1128975,FALSE,United States,Physical,Software Engineering
react_jobs,software engineer,Tech Solutions,san francisco,testing,,22-11-2025,https://remoteok.com/remote-jobs/remote-software-engineer-tech-solutions-inc-1128962,FALSE,Other,Physical,Software Engineering
react_jobs,software engineer,Tech Solutions,san francisco,css,,22-11-2025,https://remoteok.com/remote-jobs/remote-software-engineer-tech-solutions-inc-1128962,FALSE,Other,Physical,Software Engineering
react_jobs,software engineer,Tech Solutions,san francisco,angular,,22-11-2025,https://remoteok.com/remote-jobs/remote-software-engineer-tech-solutions-inc-1128962,FALSE,Other,Physical,Software Engineering
react_jobs,full stack software engineer,CompassX Group,remote cst timezone,full stack,,22-11-2025,https://remoteok.com/remote-jobs/remote-full-stack-software-engineer-compassx-group-1128948,TRUE,Remote,Remote,Software Engineering
react_jobs,fullstack software engineer,ARB Interactive,miami,gaming,,22-10-2025,https://remoteok.com/remote-jobs/remote-fullstack-software-engineer-arb-interactive-1128877,FALSE,United States,Physical,Software Engineering
react_jobs,fullstack software engineer,ARB Interactive,miami,quality assurance,,22-10-2025,https://remoteok.com/remote-jobs/remote-fullstack-software-engineer-arb-interactive-1128877,FALSE,United States,Physical,Software Engineering
react_jobs,fullstack software engineer,ARB Interactive,miami,serverless,,22-10-2025,https://remoteok.com/remote-jobs/remote-fullstack-software-engineer-arb-interactive-1128877,FALSE,United States,Physical,Software Engineering
react_jobs,fullstack software engineer,ARB Interactive,miami,recruiting,,22-10-2025,https://remoteok.com/remote-jobs/remote-fullstack-software-engineer-arb-interactive-1128877,FALSE,United States,Physical,Software Engineering
react_jobs,fullstack software engineer,ARB Interactive,miami,full stack,,22-10-2025,https://remoteok.com/remote-jobs/remote-fullstack-software-engineer-arb-interactive-1128877,FALSE,United States,Physical,Software Engineering
react_jobs,software engineer,Mainstay Labs,worldwide,python,,22-10-2025,https://remoteok.com/remote-jobs/remote-software-engineer-mainstay-labs-inc-1128803,TRUE,Remote,Remote,Software Engineering
react_jobs,software engineer,Mainstay Labs,worldwide,full stack,,22-10-2025,https://remoteok.com/remote-jobs/remote-software-engineer-mainstay-labs-inc-1128803,TRUE,Remote,Remote,Software Engineering
react_jobs,software engineer,Mainstay Labs,worldwide,typescript,,22-10-2025,https://remoteok.com/remote-jobs/remote-software-engineer-mainstay-labs-inc-1128803,TRUE,Remote,Remote,Software Engineering
java_jobs,engineer software,Calabrio,worldwide,c#,,29-04-2026,https://remoteok.com/remote-jobs/remote-engineer-software-calabrio-1131345,TRUE,Remote,Remote,Other
java_jobs,engineer software,Calabrio,worldwide,saas,,29-04-2026,https://remoteok.com/remote-jobs/remote-engineer-software-calabrio-1131345,TRUE,Remote,Remote,Other
java_jobs,engineer software,Calabrio,worldwide,react,,29-04-2026,https://remoteok.com/remote-jobs/remote-engineer-software-calabrio-1131345,TRUE,Remote,Remote,Other
java_jobs,engineer software,Calabrio,worldwide,full stack,,29-04-2026,https://remoteok.com/remote-jobs/remote-engineer-software-calabrio-1131345,TRUE,Remote,Remote,Other
java_jobs,engineer software,Calabrio,worldwide,docker,,29-04-2026,https://remoteok.com/remote-jobs/remote-engineer-software-calabrio-1131345,TRUE,Remote,Remote,Other
java_jobs,engineer software,Calabrio,worldwide,testing,,29-04-2026,https://remoteok.com/remote-jobs/remote-engineer-software-calabrio-1131345,TRUE,Remote,Remote,Other
java_jobs,engineer software,Calabrio,worldwide,ui,,29-04-2026,https://remoteok.com/remote-jobs/remote-engineer-software-calabrio-1131345,TRUE,Remote,Remote,Other
java_jobs,engineer software,Calabrio,worldwide,ux,,29-04-2026,https://remoteok.com/remote-jobs/remote-engineer-software-calabrio-1131345,TRUE,Remote,Remote,Other
java_jobs,engineer software,Calabrio,worldwide,scrum,,29-04-2026,https://remoteok.com/remote-jobs/remote-engineer-software-calabrio-1131345,TRUE,Remote,Remote,Other
java_jobs,engineer software,Calabrio,worldwide,quality assurance,,29-04-2026,https://remoteok.com/remote-jobs/remote-engineer-software-calabrio-1131345,TRUE,Remote,Remote,Other
java_jobs,engineer software,Calabrio,worldwide,devops,,29-04-2026,https://remoteok.com/remote-jobs/remote-engineer-software-calabrio-1131345,TRUE,Remote,Remote,Other
java_jobs,engineer software,Calabrio,worldwide,javascript,,29-04-2026,https://remoteok.com/remote-jobs/remote-engineer-software-calabrio-1131345,TRUE,Remote,Remote,Other
java_jobs,engineer software,Calabrio,worldwide,nosql,,29-04-2026,https://remoteok.com/remote-jobs/remote-engineer-software-calabrio-1131345,TRUE,Remote,Remote,Other
java_jobs,engineer software,Calabrio,worldwide,git,,29-04-2026,https://remoteok.com/remote-jobs/remote-engineer-software-calabrio-1131345,TRUE,Remote,Remote,Other
java_jobs,engineer software,Calabrio,worldwide,api,,29-04-2026,https://remoteok.com/remote-jobs/remote-engineer-software-calabrio-1131345,TRUE,Remote,Remote,Other
java_jobs,technical implementations lead us,Smile Digital Health,united states,python,,23-04-2026,https://remoteok.com/remote-jobs/remote-technical-implementations-lead-us-smile-digital-health-1131239,TRUE,United States,Remote,Other
java_jobs,technical implementations lead us,Smile Digital Health,united states,javascript,,23-04-2026,https://remoteok.com/remote-jobs/remote-technical-implementations-lead-us-smile-digital-health-1131239,TRUE,United States,Remote,Other
java_jobs,engineering manager data platform,TrueML,remote in usa,python,,22-04-2026,https://remoteok.com/remote-jobs/remote-engineering-manager-data-platform-trueml-1131102,TRUE,Remote,Remote,Data Engineering
java_jobs,engineering manager data platform,TrueML,remote in usa,fintech,,22-04-2026,https://remoteok.com/remote-jobs/remote-engineering-manager-data-platform-trueml-1131102,TRUE,Remote,Remote,Data Engineering
java_jobs,engineering manager data platform,TrueML,remote in usa,nosql,,22-04-2026,https://remoteok.com/remote-jobs/remote-engineering-manager-data-platform-trueml-1131102,TRUE,Remote,Remote,Data Engineering
java_jobs,software engineer new grad production infrastructure,Palantir Technologies,"seattle, wa",typescript,,22-03-2026,https://remoteok.com/remote-jobs/remote-software-engineer-new-grad-production-infrastructure-palantir-technologies-1130763,FALSE,United States,Physical,Software Engineering
java_jobs,software engineer new grad production infrastructure,Palantir Technologies,"seattle, wa",golang,,22-03-2026,https://remoteok.com/remote-jobs/remote-software-engineer-new-grad-production-infrastructure-palantir-technologies-1130763,FALSE,United States,Physical,Software Engineering
java_jobs,early career software engineer warfighter systems,Anduril Industries,bellevue,python,,22-02-2026,https://remoteok.com/remote-jobs/remote-early-career-software-engineer-warfighter-systems-anduril-industries-1130565,FALSE,Other,Physical,Software Engineering
java_jobs,early career software engineer warfighter systems,Anduril Industries,bellevue,3d,,22-02-2026,https://remoteok.com/remote-jobs/remote-early-career-software-engineer-warfighter-systems-anduril-industries-1130565,FALSE,Other,Physical,Software Engineering
java_jobs,early career software engineer warfighter systems,Anduril Industries,bellevue,gaming,,22-02-2026,https://remoteok.com/remote-jobs/remote-early-career-software-engineer-warfighter-systems-anduril-industries-1130565,FALSE,Other,Physical,Software Engineering
java_jobs,early career software engineer warfighter systems,Anduril Industries,bellevue,docker,,22-02-2026,https://remoteok.com/remote-jobs/remote-early-career-software-engineer-warfighter-systems-anduril-industries-1130565,FALSE,Other,Physical,Software Engineering
java_jobs,senior software engineer i puppet,Perforce,worldwide,scrum,,22-02-2026,https://remoteok.com/remote-jobs/remote-senior-software-engineer-i-puppet-perforce-1130251,TRUE,Remote,Remote,Software Engineering
java_jobs,senior software engineer i puppet,Perforce,worldwide,devops,,22-02-2026,https://remoteok.com/remote-jobs/remote-senior-software-engineer-i-puppet-perforce-1130251,TRUE,Remote,Remote,Software Engineering
java_jobs,senior software engineer i puppet,Perforce,worldwide,git,,22-02-2026,https://remoteok.com/remote-jobs/remote-senior-software-engineer-i-puppet-perforce-1130251,TRUE,Remote,Remote,Software Engineering
java_jobs,senior software engineer i puppet,Perforce,worldwide,ruby,,22-02-2026,https://remoteok.com/remote-jobs/remote-senior-software-engineer-i-puppet-perforce-1130251,TRUE,Remote,Remote,Software Engineering
java_jobs,senior data engineer,Lalamove,kuala lumpur,linux,,22-02-2026,https://remoteok.com/remote-jobs/remote-senior-data-engineer-lalamove-1130136,FALSE,Other,Physical,Data Engineering
java_jobs,systems engineer enterprise middleware,Spry Methods,"washington, dc",docker,,22-01-2026,https://remoteok.com/remote-jobs/remote-systems-engineer-enterprise-middleware-spry-methods-1130075,FALSE,United States,Physical,Networking & Infrastructure
java_jobs,systems engineer enterprise middleware,Spry Methods,"washington, dc",linux,,22-01-2026,https://remoteok.com/remote-jobs/remote-systems-engineer-enterprise-middleware-spry-methods-1130075,FALSE,United States,Physical,Networking & Infrastructure
java_jobs,senior enterprise middleware engineer,Spry Methods,"washington, dc",docker,,22-01-2026,https://remoteok.com/remote-jobs/remote-senior-enterprise-middleware-engineer-spry-methods-1130072,FALSE,United States,Physical,Networking & Infrastructure
java_jobs,senior enterprise middleware engineer,Spry Methods,"washington, dc",devops,,22-01-2026,https://remoteok.com/remote-jobs/remote-senior-enterprise-middleware-engineer-spry-methods-1130072,FALSE,United States,Physical,Networking & Infrastructure
java_jobs,senior enterprise middleware engineer,Spry Methods,"washington, dc",linux,,22-01-2026,https://remoteok.com/remote-jobs/remote-senior-enterprise-middleware-engineer-spry-methods-1130072,FALSE,United States,Physical,Networking & Infrastructure
java_jobs,job 27120 senior kotlin java developer brazil,CI&T,"campinas, sp",docker,,22-01-2026,https://remoteok.com/remote-jobs/remote-job-27120-senior-kotlin-java-developer-brazil-ciampt-1129821,FALSE,United States,Physical,Software Engineering
java_jobs,job 27120 senior kotlin java developer brazil,CI&T,"campinas, sp",scrum,,22-01-2026,https://remoteok.com/remote-jobs/remote-job-27120-senior-kotlin-java-developer-brazil-ciampt-1129821,FALSE,United States,Physical,Software Engineering
java_jobs,job 27120 senior kotlin java developer brazil,CI&T,"campinas, sp",git,,22-01-2026,https://remoteok.com/remote-jobs/remote-job-27120-senior-kotlin-java-developer-brazil-ciampt-1129821,FALSE,United States,Physical,Software Engineering
java_jobs,job 27144 mid level fullstack developer brazil,CI&T,brazil,jira,,22-01-2026,https://remoteok.com/remote-jobs/remote-job-27144-mid-level-fullstack-developer-brazil-ciampt-1129745,FALSE,Other,Physical,Software Engineering
java_jobs,job 27144 mid level fullstack developer brazil,CI&T,brazil,angular,,22-01-2026,https://remoteok.com/remote-jobs/remote-job-27144-mid-level-fullstack-developer-brazil-ciampt-1129745,FALSE,Other,Physical,Software Engineering
java_jobs,job 27144 mid level fullstack developer brazil,CI&T,brazil,api,,22-01-2026,https://remoteok.com/remote-jobs/remote-job-27144-mid-level-fullstack-developer-brazil-ciampt-1129745,FALSE,Other,Physical,Software Engineering
java_jobs,job 27144 mid level fullstack developer brazil,CI&T,brazil,full stack,,22-01-2026,https://remoteok.com/remote-jobs/remote-job-27144-mid-level-fullstack-developer-brazil-ciampt-1129745,FALSE,Other,Physical,Software Engineering
java_jobs,backend developer,Evolve Tech,worldwide,testing,,22-01-2026,https://remoteok.com/remote-jobs/remote-backend-developer-evolve-tech-llc-1129685,TRUE,Remote,Remote,Software Engineering
java_jobs,backend developer,Evolve Tech,worldwide,ux,,22-01-2026,https://remoteok.com/remote-jobs/remote-backend-developer-evolve-tech-llc-1129685,TRUE,Remote,Remote,Software Engineering
java_jobs,backend developer,Evolve Tech,worldwide,quality assurance,,22-01-2026,https://remoteok.com/remote-jobs/remote-backend-developer-evolve-tech-llc-1129685,TRUE,Remote,Remote,Software Engineering
java_jobs,backend developer,Evolve Tech,worldwide,nosql,,22-01-2026,https://remoteok.com/remote-jobs/remote-backend-developer-evolve-tech-llc-1129685,TRUE,Remote,Remote,Software Engineering
java_jobs,backend developer,Evolve Tech,worldwide,git,,22-01-2026,https://remoteok.com/remote-jobs/remote-backend-developer-evolve-tech-llc-1129685,TRUE,Remote,Remote,Software Engineering
java_jobs,backend developer,Evolve Tech,worldwide,api,,22-01-2026,https://remoteok.com/remote-jobs/remote-backend-developer-evolve-tech-llc-1129685,TRUE,Remote,Remote,Software Engineering
java_jobs,senior software engineer java,CLEAR - Corporate,"new york, new york",golang,,22-01-2026,https://remoteok.com/remote-jobs/remote-senior-software-engineer-java-clear-corporate-1129645,FALSE,United States,Physical,Software Engineering
java_jobs,staff software engineer,Malt,france,excel,,22-12-2025,https://remoteok.com/remote-jobs/remote-staff-software-engineer-malt-1129398,FALSE,France,Physical,Software Engineering
java_jobs,software manager exchange,GHX,louisville,lambda,,22-12-2025,https://remoteok.com/remote-jobs/remote-software-manager-exchange-ghx-1129306,FALSE,Other,Physical,Other
java_jobs,software manager exchange,GHX,louisville,angular,,22-12-2025,https://remoteok.com/remote-jobs/remote-software-manager-exchange-ghx-1129306,FALSE,Other,Physical,Other
java_jobs,full stack software engineer iii angular java,MeridianLink,worldwide,full stack,,22-12-2025,https://remoteok.com/remote-jobs/remote-full-stack-software-engineer-iii-angular-java-meridianlink-1129290,TRUE,Remote,Remote,Software Engineering
java_jobs,full stack software engineer iii angular java,MeridianLink,worldwide,testing,,22-12-2025,https://remoteok.com/remote-jobs/remote-full-stack-software-engineer-iii-angular-java-meridianlink-1129290,TRUE,Remote,Remote,Software Engineering
java_jobs,full stack software engineer iii angular java,MeridianLink,worldwide,ui,,22-12-2025,https://remoteok.com/remote-jobs/remote-full-stack-software-engineer-iii-angular-java-meridianlink-1129290,TRUE,Remote,Remote,Software Engineering
java_jobs,full stack software engineer iii angular java,MeridianLink,worldwide,devops,,22-12-2025,https://remoteok.com/remote-jobs/remote-full-stack-software-engineer-iii-angular-java-meridianlink-1129290,TRUE,Remote,Remote,Software Engineering
java_jobs,full stack software engineer iii angular java,MeridianLink,worldwide,angular,,22-12-2025,https://remoteok.com/remote-jobs/remote-full-stack-software-engineer-iii-angular-java-meridianlink-1129290,TRUE,Remote,Remote,Software Engineering
java_jobs,software engineer integrations,Deposco,alpharetta,saas,,22-12-2025,https://remoteok.com/remote-jobs/remote-software-engineer-integrations-deposco-1129282,FALSE,Other,Physical,Software Engineering
java_jobs,software engineer integrations,Deposco,alpharetta,amazon,,22-12-2025,https://remoteok.com/remote-jobs/remote-software-engineer-integrations-deposco-1129282,FALSE,Other,Physical,Software Engineering
java_jobs,software engineer integrations,Deposco,alpharetta,ui,,22-12-2025,https://remoteok.com/remote-jobs/remote-software-engineer-integrations-deposco-1129282,FALSE,Other,Physical,Software Engineering
java_jobs,software engineer integrations,Deposco,alpharetta,mysql,,22-12-2025,https://remoteok.com/remote-jobs/remote-software-engineer-integrations-deposco-1129282,FALSE,Other,Physical,Software Engineering
java_jobs,software engineer integrations,Deposco,alpharetta,api,,22-12-2025,https://remoteok.com/remote-jobs/remote-software-engineer-integrations-deposco-1129282,FALSE,Other,Physical,Software Engineering
java_jobs,software engineer integrations,Deposco,alpharetta,apache,,22-12-2025,https://remoteok.com/remote-jobs/remote-software-engineer-integrations-deposco-1129282,FALSE,Other,Physical,Software Engineering
java_jobs,software engineer integrations,Deposco,alpharetta,ecommerce,,22-12-2025,https://remoteok.com/remote-jobs/remote-software-engineer-integrations-deposco-1129282,FALSE,Other,Physical,Software Engineering
java_jobs,software engineer ii merchant operational excellence,Adyen,amsterdam,microsoft,,22-10-2025,https://remoteok.com/remote-jobs/remote-software-engineer-ii-merchant-operational-excellence-adyen-1128864,FALSE,Other,Physical,Software Engineering
java_jobs,director data engineering,Revinate,"atlanta, ga",api,,22-10-2025,https://remoteok.com/remote-jobs/remote-director-data-engineering-revinate-1128793,FALSE,Other,Physical,Data Engineering
java_jobs,director data engineering,Revinate,"atlanta, ga",marketing,,22-10-2025,https://remoteok.com/remote-jobs/remote-director-data-engineering-revinate-1128793,FALSE,Other,Physical,Data Engineering
java_jobs,job 25701 mid level automation qa brazil,CI&T,brazil,quality assurance,,22-10-2025,https://remoteok.com/remote-jobs/remote-job-25701-mid-level-automation-qa-brazil-ciampt-1128758,FALSE,Other,Physical,Quality Assurance & Testing
java_jobs,senior data engineer,3Pillar,mexico,python,,22-10-2025,https://remoteok.com/remote-jobs/remote-senior-data-engineer-3pillar-1128571,FALSE,Other,Physical,Data Engineering
java_jobs,senior data engineer,3Pillar,mexico,nosql,,22-10-2025,https://remoteok.com/remote-jobs/remote-senior-data-engineer-3pillar-1128571,FALSE,Other,Physical,Data Engineering
java_jobs,senior software engineer,Acquia,pune or delhincr,scrum,,22-10-2025,https://remoteok.com/remote-jobs/remote-senior-software-engineer-acquia-1128508,FALSE,India,Physical,Software Engineering
java_jobs,senior software engineer,Acquia,pune or delhincr,devops,,22-10-2025,https://remoteok.com/remote-jobs/remote-senior-software-engineer-acquia-1128508,FALSE,India,Physical,Software Engineering
java_jobs,senior software engineer,Acquia,pune or delhincr,drupal,,22-10-2025,https://remoteok.com/remote-jobs/remote-senior-software-engineer-acquia-1128508,FALSE,India,Physical,Software Engineering
java_jobs,solidity compiler frontend engineer,CertiK,us remote,solidity,,22-10-2025,https://remoteok.com/remote-jobs/remote-solidity-compiler-frontend-engineer-certik-1128500,TRUE,Remote,Remote,Software Engineering
java_jobs,solidity compiler frontend engineer,CertiK,us remote,ethereum,,22-10-2025,https://remoteok.com/remote-jobs/remote-solidity-compiler-frontend-engineer-certik-1128500,TRUE,Remote,Remote,Software Engineering
java_jobs,software engineer,Celonis,india,saas,,22-10-2025,https://remoteok.com/remote-jobs/remote-software-engineer-celonis-1128444,FALSE,India,Physical,Software Engineering
java_jobs,salesforce full stack developer,Culligan Quench,worldwide,salesforce,,22-10-2025,https://remoteok.com/remote-jobs/remote-salesforce-full-stack-developer-culligan-quench-1128435,TRUE,Remote,Remote,Software Engineering
java_jobs,salesforce full stack developer,Culligan Quench,worldwide,devops,,22-10-2025,https://remoteok.com/remote-jobs/remote-salesforce-full-stack-developer-culligan-quench-1128435,TRUE,Remote,Remote,Software Engineering
java_jobs,salesforce full stack developer,Culligan Quench,worldwide,ruby,,22-10-2025,https://remoteok.com/remote-jobs/remote-salesforce-full-stack-developer-culligan-quench-1128435,TRUE,Remote,Remote,Software Engineering
java_jobs,salesforce full stack developer,Culligan Quench,worldwide,marketing,,22-10-2025,https://remoteok.com/remote-jobs/remote-salesforce-full-stack-developer-culligan-quench-1128435,TRUE,Remote,Remote,Software Engineering
java_jobs,senior software engineer backend,Camunda,worldwide,saas,,22-10-2025,https://remoteok.com/remote-jobs/remote-senior-software-engineer-backend-camunda-1128238,TRUE,Remote,Remote,Software Engineering
java_jobs,senior software engineer backend,Camunda,worldwide,react,,22-10-2025,https://remoteok.com/remote-jobs/remote-senior-software-engineer-backend-camunda-1128238,TRUE,Remote,Remote,Software Engineering
java_jobs,senior software engineer backend,Camunda,worldwide,testing,,22-10-2025,https://remoteok.com/remote-jobs/remote-senior-software-engineer-backend-camunda-1128238,TRUE,Remote,Remote,Software Engineering
java_jobs,senior software engineer backend,Camunda,worldwide,test,,22-10-2025,https://remoteok.com/remote-jobs/remote-senior-software-engineer-backend-camunda-1128238,TRUE,Remote,Remote,Software Engineering
java_jobs,sde i backend,Netomi,remote india,saas,,22-09-2025,https://remoteok.com/remote-jobs/remote-sde-i-backend-netomi-1128204,TRUE,Remote,Remote,Other
java_jobs,sde i backend,Netomi,remote india,amazon,,22-09-2025,https://remoteok.com/remote-jobs/remote-sde-i-backend-netomi-1128204,TRUE,Remote,Remote,Other
java_jobs,technical lead java & angular,3Pillar,india,ui,,22-08-2025,https://remoteok.com/remote-jobs/remote-technical-lead-java-amp-angular-3pillar-1093879,FALSE,India,Physical,Software Engineering
java_jobs,technical lead java & angular,3Pillar,india,angular,,22-08-2025,https://remoteok.com/remote-jobs/remote-technical-lead-java-amp-angular-3pillar-1093879,FALSE,India,Physical,Software Engineering
java_jobs,technical lead java & angular,3Pillar,india,excel,,22-08-2025,https://remoteok.com/remote-jobs/remote-technical-lead-java-amp-angular-3pillar-1093879,FALSE,India,Physical,Software Engineering
java_jobs,job 24033 software architect brazil,CI&T,brazil,react,,22-08-2025,https://remoteok.com/remote-jobs/remote-job-24033-software-architect-brazil-ciampt-1093854,FALSE,Other,Physical,Other
java_jobs,job 23962 mid senior observability engineer colombia,CI&T,colombia,devops,,22-08-2025,https://remoteok.com/remote-jobs/remote-job-23962-mid-senior-observability-engineer-colombia-ciampt-1093853,FALSE,Other,Physical,Other
java_jobs,job 23962 mid senior observability engineer colombia,CI&T,colombia,golang,,22-08-2025,https://remoteok.com/remote-jobs/remote-job-23962-mid-senior-observability-engineer-colombia-ciampt-1093853,FALSE,Other,Physical,Other
java_jobs,job 23962 mid senior observability engineer brazil,CI&T,brazil,devops,,22-08-2025,https://remoteok.com/remote-jobs/remote-job-23962-mid-senior-observability-engineer-brazil-ciampt-1093852,FALSE,Other,Physical,Other
java_jobs,job 23962 mid senior observability engineer brazil,CI&T,brazil,golang,,22-08-2025,https://remoteok.com/remote-jobs/remote-job-23962-mid-senior-observability-engineer-brazil-ciampt-1093852,FALSE,Other,Physical,Other
ai_jobs,meta ads manager + creative producer ai native,singularads.com,poland,marketing,20000,13-05-2026,https://remoteok.com/remote-jobs/remote-meta-ads-manager-creative-producer-ai-native-singularads-com-1131538,FALSE,Poland,Physical,Marketing & Growth
ai_jobs,meta ads manager + creative producer ai native,singularads.com,poland,ads,20000,13-05-2026,https://remoteok.com/remote-jobs/remote-meta-ads-manager-creative-producer-ai-native-singularads-com-1131538,FALSE,Poland,Physical,Marketing & Growth
ai_jobs,customer success representative,Subbly,latin america,customer support,10000,08-05-2026,https://remoteok.com/remote-jobs/remote-customer-success-representative-subbly-1131487,FALSE,United States,Physical,Customer Support & Success
ai_jobs,mid senior ai cinematic video editor,EverAI,europe,video editor,60000,08-05-2026,https://remoteok.com/remote-jobs/remote-mid-senior-ai-cinematic-video-editor-everai-1131485,FALSE,Other,Physical,Other
ai_jobs,mid senior ai cinematic video editor,EverAI,europe,long-form video content,60000,08-05-2026,https://remoteok.com/remote-jobs/remote-mid-senior-ai-cinematic-video-editor-everai-1131485,FALSE,Other,Physical,Other
ai_jobs,mid senior ai cinematic video editor,EverAI,europe,motion graphic design,60000,08-05-2026,https://remoteok.com/remote-jobs/remote-mid-senior-ai-cinematic-video-editor-everai-1131485,FALSE,Other,Physical,Other
ai_jobs,mid senior ai cinematic video editor,EverAI,europe,colour correction,60000,08-05-2026,https://remoteok.com/remote-jobs/remote-mid-senior-ai-cinematic-video-editor-everai-1131485,FALSE,Other,Physical,Other
ai_jobs,mid senior ai cinematic video editor,EverAI,europe,comfyui,60000,08-05-2026,https://remoteok.com/remote-jobs/remote-mid-senior-ai-cinematic-video-editor-everai-1131485,FALSE,Other,Physical,Other
ai_jobs,mid senior ai cinematic video editor,EverAI,europe,stable diffusion,60000,08-05-2026,https://remoteok.com/remote-jobs/remote-mid-senior-ai-cinematic-video-editor-everai-1131485,FALSE,Other,Physical,Other
ai_jobs,mid senior ai cinematic video editor,EverAI,europe,ai video production,60000,08-05-2026,https://remoteok.com/remote-jobs/remote-mid-senior-ai-cinematic-video-editor-everai-1131485,FALSE,Other,Physical,Other
cloud_jobs,software engineer platform,Benchling,worldwide,node,,21-05-2026,https://remoteok.com/remote-jobs/remote-software-engineer-platform-benchling-1131626,TRUE,Remote,Remote,Software Engineering
cloud_jobs,software engineer platform,Benchling,worldwide,excel,,21-05-2026,https://remoteok.com/remote-jobs/remote-software-engineer-platform-benchling-1131626,TRUE,Remote,Remote,Software Engineering
cloud_jobs,software engineer platform,Benchling,worldwide,biotech,,21-05-2026,https://remoteok.com/remote-jobs/remote-software-engineer-platform-benchling-1131626,TRUE,Remote,Remote,Software Engineering
cloud_jobs,staff engineer platform engineering,HighLevel,india,saas,,16-05-2026,https://remoteok.com/remote-jobs/remote-staff-engineer-platform-engineering-highlevel-1131588,FALSE,India,Physical,DevOps & Cloud
cloud_jobs,staff engineer platform engineering,HighLevel,india,nodejs,,16-05-2026,https://remoteok.com/remote-jobs/remote-staff-engineer-platform-engineering-highlevel-1131588,FALSE,India,Physical,DevOps & Cloud
cloud_jobs,staff engineer platform engineering,HighLevel,india,api,,16-05-2026,https://remoteok.com/remote-jobs/remote-staff-engineer-platform-engineering-highlevel-1131588,FALSE,India,Physical,DevOps & Cloud
cloud_jobs,staff engineer platform engineering,HighLevel,india,legal,,16-05-2026,https://remoteok.com/remote-jobs/remote-staff-engineer-platform-engineering-highlevel-1131588,FALSE,India,Physical,DevOps & Cloud
cloud_jobs,tier ii iii uc support engineer,TTEC Digital,hyderabad,voip,,14-05-2026,https://remoteok.com/remote-jobs/remote-tier-ii-iii-uc-support-engineer-ttec-digital-1131561,FALSE,India,Physical,Customer Support & Success
cloud_jobs,tier ii iii uc support engineer,TTEC Digital,hyderabad,microsoft,,14-05-2026,https://remoteok.com/remote-jobs/remote-tier-ii-iii-uc-support-engineer-ttec-digital-1131561,FALSE,India,Physical,Customer Support & Success
cloud_jobs,tier ii iii uc support engineer,TTEC Digital,hyderabad,telecom,,14-05-2026,https://remoteok.com/remote-jobs/remote-tier-ii-iii-uc-support-engineer-ttec-digital-1131561,FALSE,India,Physical,Customer Support & Success
cloud_jobs,tooling engineer,Unikraft,worldwide,golang,,13-05-2026,https://remoteok.com/remote-jobs/remote-tooling-engineer-unikraft-1131540,TRUE,Remote,Remote,Other
cloud_jobs,talent acquisition pipeline manager,Nava PBC,worldwide,consultancy,,10-05-2026,https://remoteok.com/remote-jobs/remote-talent-acquisition-pipeline-manager-nava-pbc-1131513,TRUE,Remote,Remote,UI/UX & Design
cloud_jobs,analytics engineer,Civitech,"austin, tx or remote",python,,10-05-2026,https://remoteok.com/remote-jobs/remote-analytics-engineer-civitech-1131512,TRUE,Remote,Remote,Data Engineering
cloud_jobs,senior data engineer,Valon Mortgage,worldwide,saas,,09-05-2026,https://remoteok.com/remote-jobs/remote-senior-data-engineer-valon-mortgage-1131504,TRUE,Remote,Remote,Data Engineering
cloud_jobs,senior data engineer,Valon Mortgage,worldwide,python,,09-05-2026,https://remoteok.com/remote-jobs/remote-senior-data-engineer-valon-mortgage-1131504,TRUE,Remote,Remote,Data Engineering
cloud_jobs,senior data engineer,Valon Mortgage,worldwide,golang,,09-05-2026,https://remoteok.com/remote-jobs/remote-senior-data-engineer-valon-mortgage-1131504,TRUE,Remote,Remote,Data Engineering
cloud_jobs,director of legal operations,Solutus Legal Search,united states,salesforce,,09-05-2026,https://remoteok.com/remote-jobs/remote-director-of-legal-operations-solutus-legal-search-1131498,FALSE,United States,Physical,Legal & Compliance
cloud_jobs,director of legal operations,Solutus Legal Search,united states,legal,,09-05-2026,https://remoteok.com/remote-jobs/remote-director-of-legal-operations-solutus-legal-search-1131498,FALSE,United States,Physical,Legal & Compliance
cloud_jobs,senior veritas ediscovery platform engineer,"Contact Government Services,",worldwide,legal,,08-05-2026,https://remoteok.com/remote-jobs/remote-senior-veritas-ediscovery-platform-engineer-contact-government-services-llc-1131484,TRUE,Remote,Remote,DevOps & Cloud
cloud_jobs,digital full stack engineer hr172,Smart Working Solutions,worldwide,jira,,03-05-2026,https://remoteok.com/remote-jobs/remote-digital-full-stack-engineer-hr172-smart-working-solutions-1131414,TRUE,Remote,Remote,Software Engineering
cloud_jobs,digital full stack engineer hr172,Smart Working Solutions,worldwide,devops,,03-05-2026,https://remoteok.com/remote-jobs/remote-digital-full-stack-engineer-hr172-smart-working-solutions-1131414,TRUE,Remote,Remote,Software Engineering
cloud_jobs,strategic business development consultant,Vonage,spain,api,,02-05-2026,https://remoteok.com/remote-jobs/remote-strategic-business-development-consultant-vonage-1131403,FALSE,Spain,Physical,Sales & Business Development
cloud_jobs,counsel business & legal affairs,MLB Network,"secaucus, nj",saas,,01-05-2026,https://remoteok.com/remote-jobs/remote-counsel-business-legal-affairs-mlb-network-1131384,FALSE,United States,Physical,Legal & Compliance
cloud_jobs,counsel business & legal affairs,MLB Network,"secaucus, nj",legal,,01-05-2026,https://remoteok.com/remote-jobs/remote-counsel-business-legal-affairs-mlb-network-1131384,FALSE,United States,Physical,Legal & Compliance
cloud_jobs,senior software engineer,Interra Health,boston,saas,,01-05-2026,https://remoteok.com/remote-jobs/remote-senior-software-engineer-interra-health-1131380,FALSE,United States,Physical,Software Engineering
cloud_jobs,senior software engineer,Interra Health,boston,edu,,01-05-2026,https://remoteok.com/remote-jobs/remote-senior-software-engineer-interra-health-1131380,FALSE,United States,Physical,Software Engineering
cloud_jobs,senior software engineer,Interra Health,boston,ruby,,01-05-2026,https://remoteok.com/remote-jobs/remote-senior-software-engineer-interra-health-1131380,FALSE,United States,Physical,Software Engineering
cloud_jobs,senior software engineer,Interra Health,boston,saas,,01-05-2026,https://remoteok.com/remote-jobs/remote-senior-software-engineer-interra-health-1131379,FALSE,United States,Physical,Software Engineering
cloud_jobs,senior software engineer,Interra Health,boston,edu,,01-05-2026,https://remoteok.com/remote-jobs/remote-senior-software-engineer-interra-health-1131379,FALSE,United States,Physical,Software Engineering
cloud_jobs,senior software engineer,Interra Health,boston,ruby,,01-05-2026,https://remoteok.com/remote-jobs/remote-senior-software-engineer-interra-health-1131379,FALSE,United States,Physical,Software Engineering
cloud_jobs,senior site reliability engineer ai infrastructure,Andromeda Cluster,san francisco,golang,,01-05-2026,https://remoteok.com/remote-jobs/remote-senior-site-reliability-engineer-ai-infrastructure-andromeda-cluster-1131375,FALSE,Other,Physical,DevOps & Cloud
cloud_jobs,senior site reliability engineer ai infrastructure,Andromeda Cluster,san francisco,linux,,01-05-2026,https://remoteok.com/remote-jobs/remote-senior-site-reliability-engineer-ai-infrastructure-andromeda-cluster-1131375,FALSE,Other,Physical,DevOps & Cloud
cloud_jobs,software engineer,Finalis,worldwide,accounting,,28-04-2026,https://remoteok.com/remote-jobs/remote-software-engineer-finalis-1131328,TRUE,Remote,Remote,Software Engineering
cloud_jobs,software engineer,Finalis,worldwide,api,,28-04-2026,https://remoteok.com/remote-jobs/remote-software-engineer-finalis-1131328,TRUE,Remote,Remote,Software Engineering
cloud_jobs,territory account manager,TENEX.AI,worldwide,saas,,27-04-2026,https://remoteok.com/remote-jobs/remote-territory-account-manager-tenex-ai-1131323,TRUE,Remote,Remote,Sales & Business Development
cloud_jobs,territory account manager,TENEX.AI,worldwide,devops,,27-04-2026,https://remoteok.com/remote-jobs/remote-territory-account-manager-tenex-ai-1131323,TRUE,Remote,Remote,Sales & Business Development
cloud_jobs,full stack product engineer,Pivotal Health,los angeles,react,,26-04-2026,https://remoteok.com/remote-jobs/remote-full-stack-product-engineer-pivotal-health-1131314,FALSE,Other,Physical,Software Engineering
cloud_jobs,full stack product engineer,Pivotal Health,los angeles,ui,,26-04-2026,https://remoteok.com/remote-jobs/remote-full-stack-product-engineer-pivotal-health-1131314,FALSE,Other,Physical,Software Engineering
cloud_jobs,data engineer,Pivotal Health,los angeles,salesforce,,26-04-2026,https://remoteok.com/remote-jobs/remote-data-engineer-pivotal-health-1131305,FALSE,Other,Physical,Data Engineering
cloud_jobs,data engineer,Pivotal Health,los angeles,python,,26-04-2026,https://remoteok.com/remote-jobs/remote-data-engineer-pivotal-health-1131305,FALSE,Other,Physical,Data Engineering
cloud_jobs,data engineer,Pivotal Health,los angeles,devops,,26-04-2026,https://remoteok.com/remote-jobs/remote-data-engineer-pivotal-health-1131305,FALSE,Other,Physical,Data Engineering
cloud_jobs,data engineer,Pivotal Health,los angeles,postgresql,,26-04-2026,https://remoteok.com/remote-jobs/remote-data-engineer-pivotal-health-1131305,FALSE,Other,Physical,Data Engineering
cloud_jobs,senior account executive publishers,Zeta Global,worldwide,marketing,,26-04-2026,https://remoteok.com/remote-jobs/remote-senior-account-executive-publishers-zeta-global-1131298,TRUE,Remote,Remote,Sales & Business Development
cloud_jobs,senior account executive publishers,Zeta Global,worldwide,golang,,26-04-2026,https://remoteok.com/remote-jobs/remote-senior-account-executive-publishers-zeta-global-1131298,TRUE,Remote,Remote,Sales & Business Development
cloud_jobs,senior account executive publishers,Zeta Global,worldwide,ecommerce,,26-04-2026,https://remoteok.com/remote-jobs/remote-senior-account-executive-publishers-zeta-global-1131298,TRUE,Remote,Remote,Sales & Business Development
cloud_jobs,account executive iii,Sumo Logic,melbourne,saas,,25-04-2026,https://remoteok.com/remote-jobs/remote-account-executive-iii-sumo-logic-1131287,FALSE,Other,Physical,Sales & Business Development
cloud_jobs,account executive iii,Sumo Logic,melbourne,salesforce,,25-04-2026,https://remoteok.com/remote-jobs/remote-account-executive-iii-sumo-logic-1131287,FALSE,Other,Physical,Sales & Business Development
cloud_jobs,account executive iii,Sumo Logic,melbourne,devops,,25-04-2026,https://remoteok.com/remote-jobs/remote-account-executive-iii-sumo-logic-1131287,FALSE,Other,Physical,Sales & Business Development
cloud_jobs,principal customer solutions architect,Caylent,canada,amazon,,25-04-2026,https://remoteok.com/remote-jobs/remote-principal-customer-solutions-architect-caylent-1131281,FALSE,United States,Physical,Other
cloud_jobs,healthcare account executive,Vonage,worldwide,api,,24-04-2026,https://remoteok.com/remote-jobs/remote-healthcare-account-executive-vonage-1131272,TRUE,Remote,Remote,Sales & Business Development
cloud_jobs,senior data engineer,Capnexus,worldwide,amazon,,24-04-2026,https://remoteok.com/remote-jobs/remote-senior-data-engineer-capnexus-1131269,TRUE,Remote,Remote,Data Engineering
cloud_jobs,senior data engineer,Capnexus,worldwide,api,,24-04-2026,https://remoteok.com/remote-jobs/remote-senior-data-engineer-capnexus-1131269,TRUE,Remote,Remote,Data Engineering
cloud_jobs,senior app & frontend developer as233,Smart Working Solutions,worldwide,embedded,,24-04-2026,https://remoteok.com/remote-jobs/remote-senior-app-amp-frontend-developer-as233-smart-working-solutions-1131268,TRUE,Remote,Remote,Software Engineering
cloud_jobs,senior app & frontend developer as233,Smart Working Solutions,worldwide,testing,,24-04-2026,https://remoteok.com/remote-jobs/remote-senior-app-amp-frontend-developer-as233-smart-working-solutions-1131268,TRUE,Remote,Remote,Software Engineering
cloud_jobs,senior app & frontend developer as233,Smart Working Solutions,worldwide,marketing,,24-04-2026,https://remoteok.com/remote-jobs/remote-senior-app-amp-frontend-developer-as233-smart-working-solutions-1131268,TRUE,Remote,Remote,Software Engineering
cloud_jobs,senior app & frontend developer as233,Smart Working Solutions,worldwide,apache,,24-04-2026,https://remoteok.com/remote-jobs/remote-senior-app-amp-frontend-developer-as233-smart-working-solutions-1131268,TRUE,Remote,Remote,Software Engineering
cloud_jobs,data scientist,Junction,worldwide,python,,24-04-2026,https://remoteok.com/remote-jobs/remote-data-scientist-junction-1131265,TRUE,Remote,Remote,Data Science & AI
cloud_jobs,senior site reliability engineer,Pave Bank,kuala lumpur,cryptocurrency,,24-04-2026,https://remoteok.com/remote-jobs/remote-senior-site-reliability-engineer-pave-bank-1131263,FALSE,Other,Physical,DevOps & Cloud
cloud_jobs,senior site reliability engineer,Pave Bank,kuala lumpur,fintech,,24-04-2026,https://remoteok.com/remote-jobs/remote-senior-site-reliability-engineer-pave-bank-1131263,FALSE,Other,Physical,DevOps & Cloud
cloud_jobs,senior site reliability engineer,Pave Bank,kuala lumpur,bank,,24-04-2026,https://remoteok.com/remote-jobs/remote-senior-site-reliability-engineer-pave-bank-1131263,FALSE,Other,Physical,DevOps & Cloud
cloud_jobs,partner sales manager,Prophecy,san francisco,marketing,,24-04-2026,https://remoteok.com/remote-jobs/remote-partner-sales-manager-prophecy-1131257,FALSE,Other,Physical,Sales & Business Development
cloud_jobs,technical implementations lead us,Smile Digital Health,united states,python,,23-04-2026,https://remoteok.com/remote-jobs/remote-technical-implementations-lead-us-smile-digital-health-1131239,TRUE,United States,Remote,Other
cloud_jobs,technical implementations lead us,Smile Digital Health,united states,javascript,,23-04-2026,https://remoteok.com/remote-jobs/remote-technical-implementations-lead-us-smile-digital-health-1131239,TRUE,United States,Remote,Other
cloud_jobs,technical implementations lead us,Smile Digital Health,united states,java,,23-04-2026,https://remoteok.com/remote-jobs/remote-technical-implementations-lead-us-smile-digital-health-1131239,TRUE,United States,Remote,Other
cloud_jobs,senior edi e invoicing integration engineer with english and german french italian chinese,ecosio,worldwide,saas,,22-04-2026,https://remoteok.com/remote-jobs/remote-senior-edi-e-invoicing-integration-engineer-with-english-and-german-french-italian-chinese-ecosio-1131224,TRUE,Remote,Remote,Other
cloud_jobs,product lead agentic ads platform,Hightouch,"sf, ny, remote",test,,22-04-2026,https://remoteok.com/remote-jobs/remote-product-lead-agentic-ads-platform-hightouch-1131203,TRUE,Remote,Remote,Product Management
cloud_jobs,product lead agentic ads platform,Hightouch,"sf, ny, remote",ads,,22-04-2026,https://remoteok.com/remote-jobs/remote-product-lead-agentic-ads-platform-hightouch-1131203,TRUE,Remote,Remote,Product Management
cloud_jobs,product lead agentic ads platform,Hightouch,"sf, ny, remote",marketing,,22-04-2026,https://remoteok.com/remote-jobs/remote-product-lead-agentic-ads-platform-hightouch-1131203,TRUE,Remote,Remote,Product Management
cloud_jobs,backend engineer rome,Air Apps,rome,graphql,,22-04-2026,https://remoteok.com/remote-jobs/remote-backend-engineer-rome-air-apps-1131185,FALSE,Other,Physical,Software Engineering
cloud_jobs,backend engineer rome,Air Apps,rome,testing,,22-04-2026,https://remoteok.com/remote-jobs/remote-backend-engineer-rome-air-apps-1131185,FALSE,Other,Physical,Software Engineering
cloud_jobs,backend engineer rome,Air Apps,rome,git,,22-04-2026,https://remoteok.com/remote-jobs/remote-backend-engineer-rome-air-apps-1131185,FALSE,Other,Physical,Software Engineering
cloud_jobs,frontend developer vue.js,Insider One,worldwide,saas,,22-04-2026,https://remoteok.com/remote-jobs/remote-frontend-developer-vue-js-insider-one-1131167,TRUE,Remote,Remote,Software Engineering
cloud_jobs,frontend developer vue.js,Insider One,worldwide,testing,,22-04-2026,https://remoteok.com/remote-jobs/remote-frontend-developer-vue-js-insider-one-1131167,TRUE,Remote,Remote,Software Engineering
cloud_jobs,frontend developer vue.js,Insider One,worldwide,devops,,22-04-2026,https://remoteok.com/remote-jobs/remote-frontend-developer-vue-js-insider-one-1131167,TRUE,Remote,Remote,Software Engineering
cloud_jobs,frontend developer vue.js,Insider One,worldwide,laravel,,22-04-2026,https://remoteok.com/remote-jobs/remote-frontend-developer-vue-js-insider-one-1131167,TRUE,Remote,Remote,Software Engineering
cloud_jobs,frontend developer vue.js,Insider One,worldwide,css,,22-04-2026,https://remoteok.com/remote-jobs/remote-frontend-developer-vue-js-insider-one-1131167,TRUE,Remote,Remote,Software Engineering
cloud_jobs,frontend developer vue.js,Insider One,worldwide,node,,22-04-2026,https://remoteok.com/remote-jobs/remote-frontend-developer-vue-js-insider-one-1131167,TRUE,Remote,Remote,Software Engineering
cloud_jobs,frontend developer vue.js,Insider One,worldwide,marketing,,22-04-2026,https://remoteok.com/remote-jobs/remote-frontend-developer-vue-js-insider-one-1131167,TRUE,Remote,Remote,Software Engineering
cloud_jobs,frontend developer vue.js,Insider One,worldwide,golang,,22-04-2026,https://remoteok.com/remote-jobs/remote-frontend-developer-vue-js-insider-one-1131167,TRUE,Remote,Remote,Software Engineering
cloud_jobs,senior software engineer app infra,Ocrolus,worldwide,testing,,22-04-2026,https://remoteok.com/remote-jobs/remote-senior-software-engineer-app-infra-ocrolus-inc-1131164,TRUE,Remote,Remote,Software Engineering
cloud_jobs,cnapp security engineer mid atlantic region,GuidePoint Security,"reston, va",infosec,,22-04-2026,https://remoteok.com/remote-jobs/remote-cnapp-security-engineer-mid-atlantic-region-guidepoint-security-1131144,FALSE,Other,Physical,Cybersecurity
cloud_jobs,cnapp security engineer mid atlantic region,GuidePoint Security,"reston, va",c,,22-04-2026,https://remoteok.com/remote-jobs/remote-cnapp-security-engineer-mid-atlantic-region-guidepoint-security-1131144,FALSE,Other,Physical,Cybersecurity
cloud_jobs,technical support l3 weekends,Redis,worldwide,redis,,22-04-2026,https://remoteok.com/remote-jobs/remote-technical-support-l3-weekends-redis-1131106,TRUE,Remote,Remote,Customer Support & Success
cloud_jobs,technical support l3 weekends,Redis,worldwide,sysadmin,,22-04-2026,https://remoteok.com/remote-jobs/remote-technical-support-l3-weekends-redis-1131106,TRUE,Remote,Remote,Customer Support & Success
cloud_jobs,technical support l3 weekends,Redis,worldwide,nosql,,22-04-2026,https://remoteok.com/remote-jobs/remote-technical-support-l3-weekends-redis-1131106,TRUE,Remote,Remote,Customer Support & Success
cloud_jobs,senior cloud architect ml ai,DoiT,worldwide,microsoft,,22-04-2026,https://remoteok.com/remote-jobs/remote-senior-cloud-architect-ml-ai-doit-1131089,TRUE,Remote,Remote,DevOps & Cloud
cloud_jobs,senior engineer platform devops,CloudWalk,são paulo,devops,,22-04-2026,https://remoteok.com/remote-jobs/remote-senior-engineer-platform-devops-cloudwalk-1131081,FALSE,Other,Physical,DevOps & Cloud
cloud_jobs,operations engineer kuala lumpur,Xsolla,kuala lumpur,jira,,22-04-2026,https://remoteok.com/remote-jobs/remote-operations-engineer-kuala-lumpur-xsolla-1131075,FALSE,Other,Physical,Operations & Strategy
cloud_jobs,operations engineer kuala lumpur,Xsolla,kuala lumpur,gaming,,22-04-2026,https://remoteok.com/remote-jobs/remote-operations-engineer-kuala-lumpur-xsolla-1131075,FALSE,Other,Physical,Operations & Strategy
cloud_jobs,operations engineer kuala lumpur,Xsolla,kuala lumpur,fintech,,22-04-2026,https://remoteok.com/remote-jobs/remote-operations-engineer-kuala-lumpur-xsolla-1131075,FALSE,Other,Physical,Operations & Strategy
cloud_jobs,operations engineer kuala lumpur,Xsolla,kuala lumpur,node,,22-04-2026,https://remoteok.com/remote-jobs/remote-operations-engineer-kuala-lumpur-xsolla-1131075,FALSE,Other,Physical,Operations & Strategy
cloud_jobs,cyber security analyst,Trilogy Federal,"arlington, va",testing,,22-04-2026,https://remoteok.com/remote-jobs/remote-cyber-security-analyst-trilogy-federal-1131069,FALSE,Other,Physical,Cybersecurity
cloud_jobs,senior security infrastructure engineer,Sezzle,brazil,fintech,,22-04-2026,https://remoteok.com/remote-jobs/remote-senior-security-infrastructure-engineer-sezzle-1131054,FALSE,Other,Physical,DevOps & Cloud
sql_jobs,senior marketing manager paid ads,Acebet.com,worldwide,marketing,200000,20-05-2026,https://remoteok.com/remote-jobs/remote-senior-marketing-manager-paid-ads-acebet-com-1129629,TRUE,Remote,Remote,Marketing & Growth
sql_jobs,devrel content creator,SuperPlane,europe,marketing,70000,16-05-2026,https://remoteok.com/remote-jobs/remote-devrel-content-creator-superplane-1131594,FALSE,Other,Physical,Other
sql_jobs,devrel content creator,SuperPlane,europe,devops,70000,16-05-2026,https://remoteok.com/remote-jobs/remote-devrel-content-creator-superplane-1131594,FALSE,Other,Physical,Other
sql_jobs,intern sd engineer,Copious,india,salesforce,,21-05-2026,https://remoteok.com/remote-jobs/remote-intern-sd-engineer-copious-1131629,FALSE,India,Physical,Other
sql_jobs,intern sd engineer,Copious,india,firebase,,21-05-2026,https://remoteok.com/remote-jobs/remote-intern-sd-engineer-copious-1131629,FALSE,India,Physical,Other
sql_jobs,intern sd engineer,Copious,india,typescript,,21-05-2026,https://remoteok.com/remote-jobs/remote-intern-sd-engineer-copious-1131629,FALSE,India,Physical,Other
sql_jobs,member of technical staff applied ml recsys,Liquid AI,cambridge,python,,21-05-2026,https://remoteok.com/remote-jobs/remote-member-of-technical-staff-applied-ml-recsys-liquid-ai-1131627,FALSE,United States,Physical,Other
sql_jobs,software engineer platform,Benchling,worldwide,node,,21-05-2026,https://remoteok.com/remote-jobs/remote-software-engineer-platform-benchling-1131626,TRUE,Remote,Remote,Software Engineering
sql_jobs,software engineer platform,Benchling,worldwide,excel,,21-05-2026,https://remoteok.com/remote-jobs/remote-software-engineer-platform-benchling-1131626,TRUE,Remote,Remote,Software Engineering
sql_jobs,software engineer platform,Benchling,worldwide,biotech,,21-05-2026,https://remoteok.com/remote-jobs/remote-software-engineer-platform-benchling-1131626,TRUE,Remote,Remote,Software Engineering
sql_jobs,customer lifecycle automation manager @cxt software,CXT Software,worldwide,saas,,21-05-2026,https://remoteok.com/remote-jobs/remote-customer-lifecycle-automation-manager-cxt-software-cxt-software-1131624,TRUE,Remote,Remote,Other
sql_jobs,accountant asset manager a312,Pearl,worldwide,accounting,,21-05-2026,https://remoteok.com/remote-jobs/remote-accountant-asset-manager-a312-pearl-1131622,TRUE,Remote,Remote,Finance & Accounting
sql_jobs,accountant asset manager a312,Pearl,worldwide,bookkeeping,,21-05-2026,https://remoteok.com/remote-jobs/remote-accountant-asset-manager-a312-pearl-1131622,TRUE,Remote,Remote,Finance & Accounting
sql_jobs,accountant asset manager a312,Pearl,worldwide,bank,,21-05-2026,https://remoteok.com/remote-jobs/remote-accountant-asset-manager-a312-pearl-1131622,TRUE,Remote,Remote,Finance & Accounting
sql_jobs,accountant asset manager a312,Pearl,worldwide,microsoft,,21-05-2026,https://remoteok.com/remote-jobs/remote-accountant-asset-manager-a312-pearl-1131622,TRUE,Remote,Remote,Finance & Accounting
sql_jobs,accountant asset manager a312,Pearl,worldwide,recruiting,,21-05-2026,https://remoteok.com/remote-jobs/remote-accountant-asset-manager-a312-pearl-1131622,TRUE,Remote,Remote,Finance & Accounting
sql_jobs,crypto trader,Maidel Group,worldwide,cryptocurrency,40000,13-05-2026,https://remoteok.com/remote-jobs/remote-crypto-trader-maidel-group-1131541,TRUE,Remote,Remote,Other
sql_jobs,meta ads manager + creative producer ai native,singularads.com,poland,marketing,20000,13-05-2026,https://remoteok.com/remote-jobs/remote-meta-ads-manager-creative-producer-ai-native-singularads-com-1131538,FALSE,Poland,Physical,Marketing & Growth
sql_jobs,meta ads manager + creative producer ai native,singularads.com,poland,ads,20000,13-05-2026,https://remoteok.com/remote-jobs/remote-meta-ads-manager-creative-producer-ai-native-singularads-com-1131538,FALSE,Poland,Physical,Marketing & Growth
sql_jobs,meta ads manager + creative producer ai native,singularads.com,poland,ai,20000,13-05-2026,https://remoteok.com/remote-jobs/remote-meta-ads-manager-creative-producer-ai-native-singularads-com-1131538,FALSE,Poland,Physical,Marketing & Growth
sql_jobs,senior database reliability engineer,Cloudlinux,worldwide,redis,,18-05-2026,https://remoteok.com/remote-jobs/remote-senior-database-reliability-engineer-cloudlinux-1131613,TRUE,Remote,Remote,Other
sql_jobs,senior database reliability engineer,Cloudlinux,worldwide,ansible,,18-05-2026,https://remoteok.com/remote-jobs/remote-senior-database-reliability-engineer-cloudlinux-1131613,TRUE,Remote,Remote,Other
sql_jobs,senior database reliability engineer,Cloudlinux,worldwide,postgresql,,18-05-2026,https://remoteok.com/remote-jobs/remote-senior-database-reliability-engineer-cloudlinux-1131613,TRUE,Remote,Remote,Other
sql_jobs,senior database reliability engineer,Cloudlinux,worldwide,database admin,,18-05-2026,https://remoteok.com/remote-jobs/remote-senior-database-reliability-engineer-cloudlinux-1131613,TRUE,Remote,Remote,Other
sql_jobs,senior database reliability engineer,Cloudlinux,worldwide,linux,,18-05-2026,https://remoteok.com/remote-jobs/remote-senior-database-reliability-engineer-cloudlinux-1131613,TRUE,Remote,Remote,Other
sql_jobs,it support technician,Avalere Health,london,marketing,,18-05-2026,https://remoteok.com/remote-jobs/remote-it-support-technician-avalere-health-1131612,FALSE,United Kingdom,Physical,Customer Support & Success
sql_jobs,forward deployed engineer agentic platform,Cohere,worldwide,python,,18-05-2026,https://remoteok.com/remote-jobs/remote-forward-deployed-engineer-agentic-platform-cohere-1131611,TRUE,Remote,Remote,Other
sql_jobs,forward deployed engineer agentic platform,Cohere,worldwide,excel,,18-05-2026,https://remoteok.com/remote-jobs/remote-forward-deployed-engineer-agentic-platform-cohere-1131611,TRUE,Remote,Remote,Other
sql_jobs,sr solution architect consultant sales engineer,Cyara,united states,testing,,18-05-2026,https://remoteok.com/remote-jobs/remote-sr-solution-architect-consultant-sales-engineer-cyara-1131610,FALSE,United States,Physical,Sales & Business Development
sql_jobs,operations manager a379,Pearl,worldwide,test,,18-05-2026,https://remoteok.com/remote-jobs/remote-operations-manager-a379-pearl-1131609,TRUE,Remote,Remote,Operations & Strategy
sql_jobs,operations manager a379,Pearl,worldwide,bookkeeping,,18-05-2026,https://remoteok.com/remote-jobs/remote-operations-manager-a379-pearl-1131609,TRUE,Remote,Remote,Operations & Strategy
sql_jobs,operations manager a379,Pearl,worldwide,microsoft,,18-05-2026,https://remoteok.com/remote-jobs/remote-operations-manager-a379-pearl-1131609,TRUE,Remote,Remote,Operations & Strategy
sql_jobs,operations manager a379,Pearl,worldwide,excel,,18-05-2026,https://remoteok.com/remote-jobs/remote-operations-manager-a379-pearl-1131609,TRUE,Remote,Remote,Operations & Strategy
sql_jobs,operations manager a379,Pearl,worldwide,recruiting,,18-05-2026,https://remoteok.com/remote-jobs/remote-operations-manager-a379-pearl-1131609,TRUE,Remote,Remote,Operations & Strategy
sql_jobs,operations manager a379,Pearl,worldwide,ecommerce,,18-05-2026,https://remoteok.com/remote-jobs/remote-operations-manager-a379-pearl-1131609,TRUE,Remote,Remote,Operations & Strategy
sql_jobs,operations manager a379,Pearl,worldwide,shopify,,18-05-2026,https://remoteok.com/remote-jobs/remote-operations-manager-a379-pearl-1131609,TRUE,Remote,Remote,Operations & Strategy
sql_jobs,senior cro manager growth optimization lead for us dtc company,Paired,worldwide,react,,18-05-2026,https://remoteok.com/remote-jobs/remote-senior-cro-manager-growth-optimization-lead-for-us-dtc-company-paired-1131608,TRUE,Remote,Remote,Marketing & Growth
sql_jobs,senior cro manager growth optimization lead for us dtc company,Paired,worldwide,swift,,18-05-2026,https://remoteok.com/remote-jobs/remote-senior-cro-manager-growth-optimization-lead-for-us-dtc-company-paired-1131608,TRUE,Remote,Remote,Marketing & Growth
sql_jobs,senior cro manager growth optimization lead for us dtc company,Paired,worldwide,testing,,18-05-2026,https://remoteok.com/remote-jobs/remote-senior-cro-manager-growth-optimization-lead-for-us-dtc-company-paired-1131608,TRUE,Remote,Remote,Marketing & Growth
sql_jobs,senior cro manager growth optimization lead for us dtc company,Paired,worldwide,test,,18-05-2026,https://remoteok.com/remote-jobs/remote-senior-cro-manager-growth-optimization-lead-for-us-dtc-company-paired-1131608,TRUE,Remote,Remote,Marketing & Growth
sql_jobs,senior cro manager growth optimization lead for us dtc company,Paired,worldwide,ux,,18-05-2026,https://remoteok.com/remote-jobs/remote-senior-cro-manager-growth-optimization-lead-for-us-dtc-company-paired-1131608,TRUE,Remote,Remote,Marketing & Growth
sql_jobs,senior cro manager growth optimization lead for us dtc company,Paired,worldwide,recruiting,,18-05-2026,https://remoteok.com/remote-jobs/remote-senior-cro-manager-growth-optimization-lead-for-us-dtc-company-paired-1131608,TRUE,Remote,Remote,Marketing & Growth
sql_jobs,senior cro manager growth optimization lead for us dtc company,Paired,worldwide,ecommerce,,18-05-2026,https://remoteok.com/remote-jobs/remote-senior-cro-manager-growth-optimization-lead-for-us-dtc-company-paired-1131608,TRUE,Remote,Remote,Marketing & Growth
sql_jobs,senior cro manager growth optimization lead for us dtc company,Paired,worldwide,shopify,,18-05-2026,https://remoteok.com/remote-jobs/remote-senior-cro-manager-growth-optimization-lead-for-us-dtc-company-paired-1131608,TRUE,Remote,Remote,Marketing & Growth
sql_jobs,us tax law ai specialist,Weekday,india,legal,,17-05-2026,https://remoteok.com/remote-jobs/remote-us-tax-law-ai-specialist-weekday-1131606,FALSE,India,Physical,Data Science & AI
sql_jobs,sales development representative inbound,Yuno,worldwide,salesforce,,17-05-2026,https://remoteok.com/remote-jobs/remote-sales-development-representative-inbound-yuno-1131605,TRUE,Remote,Remote,Sales & Business Development
sql_jobs,sales development representative inbound,Yuno,worldwide,excel,,17-05-2026,https://remoteok.com/remote-jobs/remote-sales-development-representative-inbound-yuno-1131605,TRUE,Remote,Remote,Sales & Business Development
sql_jobs,senior accountant,Volt,"bethesda, md",saas,,17-05-2026,https://remoteok.com/remote-jobs/remote-senior-accountant-volt-1131601,FALSE,Other,Physical,Finance & Accounting
sql_jobs,senior accountant,Volt,"bethesda, md",accounting,,17-05-2026,https://remoteok.com/remote-jobs/remote-senior-accountant-volt-1131601,FALSE,Other,Physical,Finance & Accounting
sql_jobs,senior accountant,Volt,"bethesda, md",c,,17-05-2026,https://remoteok.com/remote-jobs/remote-senior-accountant-volt-1131601,FALSE,Other,Physical,Finance & Accounting
sql_jobs,senior accountant,Volt,"bethesda, md",legal,,17-05-2026,https://remoteok.com/remote-jobs/remote-senior-accountant-volt-1131601,FALSE,Other,Physical,Finance & Accounting
sql_jobs,application support engineer,Cresta,worldwide,consulting,,16-05-2026,https://remoteok.com/remote-jobs/remote-application-support-engineer-cresta-1131596,TRUE,Remote,Remote,Customer Support & Success
sql_jobs,application support engineer,Cresta,worldwide,api,,16-05-2026,https://remoteok.com/remote-jobs/remote-application-support-engineer-cresta-1131596,TRUE,Remote,Remote,Customer Support & Success
sql_jobs,senior golang developer,TRE ALTAMIRA Srl,worldwide,golang,,16-05-2026,https://remoteok.com/remote-jobs/remote-senior-golang-developer-tre-altamira-srl-1131593,TRUE,Remote,Remote,Software Engineering
sql_jobs,software engineer,Sticker Mule,europe,golang,150000,16-05-2026,https://remoteok.com/remote-jobs/remote-software-engineer-sticker-mule-1131592,FALSE,Other,Physical,Software Engineering
sql_jobs,software engineer,Sticker Mule,europe,docker,150000,16-05-2026,https://remoteok.com/remote-jobs/remote-software-engineer-sticker-mule-1131592,FALSE,Other,Physical,Software Engineering
sql_jobs,software engineer,Sticker Mule,europe,redis,150000,16-05-2026,https://remoteok.com/remote-jobs/remote-software-engineer-sticker-mule-1131592,FALSE,Other,Physical,Software Engineering
sql_jobs,software engineer,Sticker Mule,europe,gcp,150000,16-05-2026,https://remoteok.com/remote-jobs/remote-software-engineer-sticker-mule-1131592,FALSE,Other,Physical,Software Engineering
sql_jobs,software engineer,Sticker Mule,europe,postgresql,150000,16-05-2026,https://remoteok.com/remote-jobs/remote-software-engineer-sticker-mule-1131592,FALSE,Other,Physical,Software Engineering
sql_jobs,it support technician,Avalere Health,washington dc,microsoft,,16-05-2026,https://remoteok.com/remote-jobs/remote-it-support-technician-avalere-health-1131591,FALSE,United States,Physical,Customer Support & Success
sql_jobs,it support technician,Avalere Health,washington dc,marketing,,16-05-2026,https://remoteok.com/remote-jobs/remote-it-support-technician-avalere-health-1131591,FALSE,United States,Physical,Customer Support & Success
sql_jobs,account supervisor,Avalere Health,worldwide,marketing,,16-05-2026,https://remoteok.com/remote-jobs/remote-account-supervisor-avalere-health-1131590,TRUE,Remote,Remote,Other
sql_jobs,product manager,Cosuno,berlin,saas,,16-05-2026,https://remoteok.com/remote-jobs/remote-product-manager-cosuno-1131589,FALSE,Other,Physical,Product Management
sql_jobs,product manager,Cosuno,berlin,marketing,,16-05-2026,https://remoteok.com/remote-jobs/remote-product-manager-cosuno-1131589,FALSE,Other,Physical,Product Management
sql_jobs,staff engineer platform engineering,HighLevel,india,saas,,16-05-2026,https://remoteok.com/remote-jobs/remote-staff-engineer-platform-engineering-highlevel-1131588,FALSE,India,Physical,DevOps & Cloud
sql_jobs,staff engineer platform engineering,HighLevel,india,nodejs,,16-05-2026,https://remoteok.com/remote-jobs/remote-staff-engineer-platform-engineering-highlevel-1131588,FALSE,India,Physical,DevOps & Cloud
sql_jobs,staff engineer platform engineering,HighLevel,india,api,,16-05-2026,https://remoteok.com/remote-jobs/remote-staff-engineer-platform-engineering-highlevel-1131588,FALSE,India,Physical,DevOps & Cloud
sql_jobs,staff engineer platform engineering,HighLevel,india,legal,,16-05-2026,https://remoteok.com/remote-jobs/remote-staff-engineer-platform-engineering-highlevel-1131588,FALSE,India,Physical,DevOps & Cloud
sql_jobs,business analyst,Judi Health,denver,ux,,16-05-2026,https://remoteok.com/remote-jobs/remote-business-analyst-judi-health-1131587,FALSE,United States,Physical,Operations & Strategy
sql_jobs,capture analyst,Altarum,united states,edu,,16-05-2026,https://remoteok.com/remote-jobs/remote-capture-analyst-altarum-1131585,FALSE,United States,Physical,Data Analyst
sql_jobs,business immigration paralegal latam,HireHawk,worldwide,legal,,16-05-2026,https://remoteok.com/remote-jobs/remote-business-immigration-paralegal-latam-hirehawk-1131582,TRUE,Remote,Remote,Legal & Compliance
sql_jobs,chief revenue officer,"ContinuumGlobal,",united states,saas,,15-05-2026,https://remoteok.com/remote-jobs/remote-chief-revenue-officer-continuumglobal-inc-1131579,TRUE,United States,Remote,Sales & Business Development
sql_jobs,chief revenue officer,"ContinuumGlobal,",united states,marketing,,15-05-2026,https://remoteok.com/remote-jobs/remote-chief-revenue-officer-continuumglobal-inc-1131579,TRUE,United States,Remote,Sales & Business Development
sql_jobs,senior software engineer,CentralReach,united states,saas,,15-05-2026,https://remoteok.com/remote-jobs/remote-senior-software-engineer-centralreach-1131578,TRUE,United States,Remote,Software Engineering
sql_jobs,business development representative,Sprinto,india,saas,,15-05-2026,https://remoteok.com/remote-jobs/remote-business-development-representative-sprinto-1131577,FALSE,India,Physical,Sales & Business Development
sql_jobs,business development representative,Sprinto,india,marketing,,15-05-2026,https://remoteok.com/remote-jobs/remote-business-development-representative-sprinto-1131577,FALSE,India,Physical,Sales & Business Development
sql_jobs,business development representative,Sprinto,india,golang,,15-05-2026,https://remoteok.com/remote-jobs/remote-business-development-representative-sprinto-1131577,FALSE,India,Physical,Sales & Business Development
sql_jobs,senior sales engineer,Glia,worldwide,saas,,15-05-2026,https://remoteok.com/remote-jobs/remote-senior-sales-engineer-glia-1131576,TRUE,Remote,Remote,Sales & Business Development
sql_jobs,senior sales engineer,Glia,worldwide,javascript,,15-05-2026,https://remoteok.com/remote-jobs/remote-senior-sales-engineer-glia-1131576,TRUE,Remote,Remote,Sales & Business Development
sql_jobs,senior sales engineer,Glia,worldwide,serverless,,15-05-2026,https://remoteok.com/remote-jobs/remote-senior-sales-engineer-glia-1131576,TRUE,Remote,Remote,Sales & Business Development
sql_jobs,senior sales engineer,Glia,worldwide,api,,15-05-2026,https://remoteok.com/remote-jobs/remote-senior-sales-engineer-glia-1131576,TRUE,Remote,Remote,Sales & Business Development
sql_jobs,engenharia software engineer iii golang,Stone,remoto,golang,,15-05-2026,https://remoteok.com/remote-jobs/remote-engenharia-software-engineer-iii-golang-stone-1131575,FALSE,Other,Physical,Software Engineering
product_manager_jobs,senior marketing manager paid ads,Acebet.com,worldwide,marketing,200000,20-05-2026,https://remoteok.com/remote-jobs/remote-senior-marketing-manager-paid-ads-acebet-com-1129629,TRUE,Remote,Remote,Marketing & Growth
product_manager_jobs,devrel content creator,SuperPlane,europe,marketing,70000,16-05-2026,https://remoteok.com/remote-jobs/remote-devrel-content-creator-superplane-1131594,FALSE,Other,Physical,Other
product_manager_jobs,devrel content creator,SuperPlane,europe,devops,70000,16-05-2026,https://remoteok.com/remote-jobs/remote-devrel-content-creator-superplane-1131594,FALSE,Other,Physical,Other
product_manager_jobs,intern sd engineer,Copious,india,salesforce,,21-05-2026,https://remoteok.com/remote-jobs/remote-intern-sd-engineer-copious-1131629,FALSE,India,Physical,Other
product_manager_jobs,intern sd engineer,Copious,india,firebase,,21-05-2026,https://remoteok.com/remote-jobs/remote-intern-sd-engineer-copious-1131629,FALSE,India,Physical,Other
product_manager_jobs,intern sd engineer,Copious,india,typescript,,21-05-2026,https://remoteok.com/remote-jobs/remote-intern-sd-engineer-copious-1131629,FALSE,India,Physical,Other
product_manager_jobs,member of technical staff applied ml recsys,Liquid AI,cambridge,python,,21-05-2026,https://remoteok.com/remote-jobs/remote-member-of-technical-staff-applied-ml-recsys-liquid-ai-1131627,FALSE,United States,Physical,Other
product_manager_jobs,software engineer platform,Benchling,worldwide,node,,21-05-2026,https://remoteok.com/remote-jobs/remote-software-engineer-platform-benchling-1131626,TRUE,Remote,Remote,Software Engineering
product_manager_jobs,software engineer platform,Benchling,worldwide,excel,,21-05-2026,https://remoteok.com/remote-jobs/remote-software-engineer-platform-benchling-1131626,TRUE,Remote,Remote,Software Engineering
product_manager_jobs,software engineer platform,Benchling,worldwide,biotech,,21-05-2026,https://remoteok.com/remote-jobs/remote-software-engineer-platform-benchling-1131626,TRUE,Remote,Remote,Software Engineering
product_manager_jobs,customer lifecycle automation manager @cxt software,CXT Software,worldwide,saas,,21-05-2026,https://remoteok.com/remote-jobs/remote-customer-lifecycle-automation-manager-cxt-software-cxt-software-1131624,TRUE,Remote,Remote,Other
product_manager_jobs,accountant asset manager a312,Pearl,worldwide,accounting,,21-05-2026,https://remoteok.com/remote-jobs/remote-accountant-asset-manager-a312-pearl-1131622,TRUE,Remote,Remote,Finance & Accounting
product_manager_jobs,accountant asset manager a312,Pearl,worldwide,bookkeeping,,21-05-2026,https://remoteok.com/remote-jobs/remote-accountant-asset-manager-a312-pearl-1131622,TRUE,Remote,Remote,Finance & Accounting
product_manager_jobs,accountant asset manager a312,Pearl,worldwide,bank,,21-05-2026,https://remoteok.com/remote-jobs/remote-accountant-asset-manager-a312-pearl-1131622,TRUE,Remote,Remote,Finance & Accounting
product_manager_jobs,accountant asset manager a312,Pearl,worldwide,microsoft,,21-05-2026,https://remoteok.com/remote-jobs/remote-accountant-asset-manager-a312-pearl-1131622,TRUE,Remote,Remote,Finance & Accounting
product_manager_jobs,accountant asset manager a312,Pearl,worldwide,recruiting,,21-05-2026,https://remoteok.com/remote-jobs/remote-accountant-asset-manager-a312-pearl-1131622,TRUE,Remote,Remote,Finance & Accounting
product_manager_jobs,crypto trader,Maidel Group,worldwide,cryptocurrency,40000,13-05-2026,https://remoteok.com/remote-jobs/remote-crypto-trader-maidel-group-1131541,TRUE,Remote,Remote,Other
product_manager_jobs,meta ads manager + creative producer ai native,singularads.com,poland,marketing,20000,13-05-2026,https://remoteok.com/remote-jobs/remote-meta-ads-manager-creative-producer-ai-native-singularads-com-1131538,FALSE,Poland,Physical,Marketing & Growth
product_manager_jobs,meta ads manager + creative producer ai native,singularads.com,poland,ads,20000,13-05-2026,https://remoteok.com/remote-jobs/remote-meta-ads-manager-creative-producer-ai-native-singularads-com-1131538,FALSE,Poland,Physical,Marketing & Growth
product_manager_jobs,meta ads manager + creative producer ai native,singularads.com,poland,ai,20000,13-05-2026,https://remoteok.com/remote-jobs/remote-meta-ads-manager-creative-producer-ai-native-singularads-com-1131538,FALSE,Poland,Physical,Marketing & Growth
product_manager_jobs,senior database reliability engineer,Cloudlinux,worldwide,redis,,18-05-2026,https://remoteok.com/remote-jobs/remote-senior-database-reliability-engineer-cloudlinux-1131613,TRUE,Remote,Remote,Other
product_manager_jobs,senior database reliability engineer,Cloudlinux,worldwide,ansible,,18-05-2026,https://remoteok.com/remote-jobs/remote-senior-database-reliability-engineer-cloudlinux-1131613,TRUE,Remote,Remote,Other
product_manager_jobs,senior database reliability engineer,Cloudlinux,worldwide,postgresql,,18-05-2026,https://remoteok.com/remote-jobs/remote-senior-database-reliability-engineer-cloudlinux-1131613,TRUE,Remote,Remote,Other
product_manager_jobs,senior database reliability engineer,Cloudlinux,worldwide,database admin,,18-05-2026,https://remoteok.com/remote-jobs/remote-senior-database-reliability-engineer-cloudlinux-1131613,TRUE,Remote,Remote,Other
product_manager_jobs,senior database reliability engineer,Cloudlinux,worldwide,linux,,18-05-2026,https://remoteok.com/remote-jobs/remote-senior-database-reliability-engineer-cloudlinux-1131613,TRUE,Remote,Remote,Other
product_manager_jobs,it support technician,Avalere Health,london,marketing,,18-05-2026,https://remoteok.com/remote-jobs/remote-it-support-technician-avalere-health-1131612,FALSE,United Kingdom,Physical,Customer Support & Success
product_manager_jobs,forward deployed engineer agentic platform,Cohere,worldwide,python,,18-05-2026,https://remoteok.com/remote-jobs/remote-forward-deployed-engineer-agentic-platform-cohere-1131611,TRUE,Remote,Remote,Other
product_manager_jobs,forward deployed engineer agentic platform,Cohere,worldwide,excel,,18-05-2026,https://remoteok.com/remote-jobs/remote-forward-deployed-engineer-agentic-platform-cohere-1131611,TRUE,Remote,Remote,Other
product_manager_jobs,sr solution architect consultant sales engineer,Cyara,united states,testing,,18-05-2026,https://remoteok.com/remote-jobs/remote-sr-solution-architect-consultant-sales-engineer-cyara-1131610,FALSE,United States,Physical,Sales & Business Development
product_manager_jobs,operations manager a379,Pearl,worldwide,test,,18-05-2026,https://remoteok.com/remote-jobs/remote-operations-manager-a379-pearl-1131609,TRUE,Remote,Remote,Operations & Strategy
product_manager_jobs,operations manager a379,Pearl,worldwide,bookkeeping,,18-05-2026,https://remoteok.com/remote-jobs/remote-operations-manager-a379-pearl-1131609,TRUE,Remote,Remote,Operations & Strategy
product_manager_jobs,operations manager a379,Pearl,worldwide,microsoft,,18-05-2026,https://remoteok.com/remote-jobs/remote-operations-manager-a379-pearl-1131609,TRUE,Remote,Remote,Operations & Strategy
product_manager_jobs,operations manager a379,Pearl,worldwide,excel,,18-05-2026,https://remoteok.com/remote-jobs/remote-operations-manager-a379-pearl-1131609,TRUE,Remote,Remote,Operations & Strategy
product_manager_jobs,operations manager a379,Pearl,worldwide,recruiting,,18-05-2026,https://remoteok.com/remote-jobs/remote-operations-manager-a379-pearl-1131609,TRUE,Remote,Remote,Operations & Strategy
product_manager_jobs,operations manager a379,Pearl,worldwide,ecommerce,,18-05-2026,https://remoteok.com/remote-jobs/remote-operations-manager-a379-pearl-1131609,TRUE,Remote,Remote,Operations & Strategy
product_manager_jobs,operations manager a379,Pearl,worldwide,shopify,,18-05-2026,https://remoteok.com/remote-jobs/remote-operations-manager-a379-pearl-1131609,TRUE,Remote,Remote,Operations & Strategy
product_manager_jobs,senior cro manager growth optimization lead for us dtc company,Paired,worldwide,react,,18-05-2026,https://remoteok.com/remote-jobs/remote-senior-cro-manager-growth-optimization-lead-for-us-dtc-company-paired-1131608,TRUE,Remote,Remote,Marketing & Growth
product_manager_jobs,senior cro manager growth optimization lead for us dtc company,Paired,worldwide,swift,,18-05-2026,https://remoteok.com/remote-jobs/remote-senior-cro-manager-growth-optimization-lead-for-us-dtc-company-paired-1131608,TRUE,Remote,Remote,Marketing & Growth
product_manager_jobs,senior cro manager growth optimization lead for us dtc company,Paired,worldwide,testing,,18-05-2026,https://remoteok.com/remote-jobs/remote-senior-cro-manager-growth-optimization-lead-for-us-dtc-company-paired-1131608,TRUE,Remote,Remote,Marketing & Growth
product_manager_jobs,senior cro manager growth optimization lead for us dtc company,Paired,worldwide,test,,18-05-2026,https://remoteok.com/remote-jobs/remote-senior-cro-manager-growth-optimization-lead-for-us-dtc-company-paired-1131608,TRUE,Remote,Remote,Marketing & Growth
product_manager_jobs,senior cro manager growth optimization lead for us dtc company,Paired,worldwide,ux,,18-05-2026,https://remoteok.com/remote-jobs/remote-senior-cro-manager-growth-optimization-lead-for-us-dtc-company-paired-1131608,TRUE,Remote,Remote,Marketing & Growth
product_manager_jobs,senior cro manager growth optimization lead for us dtc company,Paired,worldwide,recruiting,,18-05-2026,https://remoteok.com/remote-jobs/remote-senior-cro-manager-growth-optimization-lead-for-us-dtc-company-paired-1131608,TRUE,Remote,Remote,Marketing & Growth
product_manager_jobs,senior cro manager growth optimization lead for us dtc company,Paired,worldwide,ecommerce,,18-05-2026,https://remoteok.com/remote-jobs/remote-senior-cro-manager-growth-optimization-lead-for-us-dtc-company-paired-1131608,TRUE,Remote,Remote,Marketing & Growth
product_manager_jobs,senior cro manager growth optimization lead for us dtc company,Paired,worldwide,shopify,,18-05-2026,https://remoteok.com/remote-jobs/remote-senior-cro-manager-growth-optimization-lead-for-us-dtc-company-paired-1131608,TRUE,Remote,Remote,Marketing & Growth
product_manager_jobs,us tax law ai specialist,Weekday,india,legal,,17-05-2026,https://remoteok.com/remote-jobs/remote-us-tax-law-ai-specialist-weekday-1131606,FALSE,India,Physical,Data Science & AI
product_manager_jobs,sales development representative inbound,Yuno,worldwide,salesforce,,17-05-2026,https://remoteok.com/remote-jobs/remote-sales-development-representative-inbound-yuno-1131605,TRUE,Remote,Remote,Sales & Business Development
product_manager_jobs,sales development representative inbound,Yuno,worldwide,excel,,17-05-2026,https://remoteok.com/remote-jobs/remote-sales-development-representative-inbound-yuno-1131605,TRUE,Remote,Remote,Sales & Business Development
product_manager_jobs,senior accountant,Volt,"bethesda, md",saas,,17-05-2026,https://remoteok.com/remote-jobs/remote-senior-accountant-volt-1131601,FALSE,Other,Physical,Finance & Accounting
product_manager_jobs,senior accountant,Volt,"bethesda, md",accounting,,17-05-2026,https://remoteok.com/remote-jobs/remote-senior-accountant-volt-1131601,FALSE,Other,Physical,Finance & Accounting
product_manager_jobs,senior accountant,Volt,"bethesda, md",c,,17-05-2026,https://remoteok.com/remote-jobs/remote-senior-accountant-volt-1131601,FALSE,Other,Physical,Finance & Accounting
product_manager_jobs,senior accountant,Volt,"bethesda, md",legal,,17-05-2026,https://remoteok.com/remote-jobs/remote-senior-accountant-volt-1131601,FALSE,Other,Physical,Finance & Accounting
product_manager_jobs,application support engineer,Cresta,worldwide,consulting,,16-05-2026,https://remoteok.com/remote-jobs/remote-application-support-engineer-cresta-1131596,TRUE,Remote,Remote,Customer Support & Success
product_manager_jobs,application support engineer,Cresta,worldwide,api,,16-05-2026,https://remoteok.com/remote-jobs/remote-application-support-engineer-cresta-1131596,TRUE,Remote,Remote,Customer Support & Success
product_manager_jobs,senior golang developer,TRE ALTAMIRA Srl,worldwide,golang,,16-05-2026,https://remoteok.com/remote-jobs/remote-senior-golang-developer-tre-altamira-srl-1131593,TRUE,Remote,Remote,Software Engineering
product_manager_jobs,software engineer,Sticker Mule,europe,golang,150000,16-05-2026,https://remoteok.com/remote-jobs/remote-software-engineer-sticker-mule-1131592,FALSE,Other,Physical,Software Engineering
product_manager_jobs,software engineer,Sticker Mule,europe,docker,150000,16-05-2026,https://remoteok.com/remote-jobs/remote-software-engineer-sticker-mule-1131592,FALSE,Other,Physical,Software Engineering
product_manager_jobs,software engineer,Sticker Mule,europe,redis,150000,16-05-2026,https://remoteok.com/remote-jobs/remote-software-engineer-sticker-mule-1131592,FALSE,Other,Physical,Software Engineering
product_manager_jobs,software engineer,Sticker Mule,europe,gcp,150000,16-05-2026,https://remoteok.com/remote-jobs/remote-software-engineer-sticker-mule-1131592,FALSE,Other,Physical,Software Engineering
product_manager_jobs,software engineer,Sticker Mule,europe,postgresql,150000,16-05-2026,https://remoteok.com/remote-jobs/remote-software-engineer-sticker-mule-1131592,FALSE,Other,Physical,Software Engineering
product_manager_jobs,it support technician,Avalere Health,washington dc,microsoft,,16-05-2026,https://remoteok.com/remote-jobs/remote-it-support-technician-avalere-health-1131591,FALSE,United States,Physical,Customer Support & Success
product_manager_jobs,it support technician,Avalere Health,washington dc,marketing,,16-05-2026,https://remoteok.com/remote-jobs/remote-it-support-technician-avalere-health-1131591,FALSE,United States,Physical,Customer Support & Success
product_manager_jobs,account supervisor,Avalere Health,worldwide,marketing,,16-05-2026,https://remoteok.com/remote-jobs/remote-account-supervisor-avalere-health-1131590,TRUE,Remote,Remote,Other
product_manager_jobs,product manager,Cosuno,berlin,saas,,16-05-2026,https://remoteok.com/remote-jobs/remote-product-manager-cosuno-1131589,FALSE,Other,Physical,Product Management
product_manager_jobs,product manager,Cosuno,berlin,marketing,,16-05-2026,https://remoteok.com/remote-jobs/remote-product-manager-cosuno-1131589,FALSE,Other,Physical,Product Management
product_manager_jobs,staff engineer platform engineering,HighLevel,india,saas,,16-05-2026,https://remoteok.com/remote-jobs/remote-staff-engineer-platform-engineering-highlevel-1131588,FALSE,India,Physical,DevOps & Cloud
product_manager_jobs,staff engineer platform engineering,HighLevel,india,nodejs,,16-05-2026,https://remoteok.com/remote-jobs/remote-staff-engineer-platform-engineering-highlevel-1131588,FALSE,India,Physical,DevOps & Cloud
product_manager_jobs,staff engineer platform engineering,HighLevel,india,api,,16-05-2026,https://remoteok.com/remote-jobs/remote-staff-engineer-platform-engineering-highlevel-1131588,FALSE,India,Physical,DevOps & Cloud
product_manager_jobs,staff engineer platform engineering,HighLevel,india,legal,,16-05-2026,https://remoteok.com/remote-jobs/remote-staff-engineer-platform-engineering-highlevel-1131588,FALSE,India,Physical,DevOps & Cloud
product_manager_jobs,business analyst,Judi Health,denver,ux,,16-05-2026,https://remoteok.com/remote-jobs/remote-business-analyst-judi-health-1131587,FALSE,United States,Physical,Operations & Strategy
product_manager_jobs,capture analyst,Altarum,united states,edu,,16-05-2026,https://remoteok.com/remote-jobs/remote-capture-analyst-altarum-1131585,FALSE,United States,Physical,Data Analyst
product_manager_jobs,business immigration paralegal latam,HireHawk,worldwide,legal,,16-05-2026,https://remoteok.com/remote-jobs/remote-business-immigration-paralegal-latam-hirehawk-1131582,TRUE,Remote,Remote,Legal & Compliance
product_manager_jobs,chief revenue officer,"ContinuumGlobal,",united states,saas,,15-05-2026,https://remoteok.com/remote-jobs/remote-chief-revenue-officer-continuumglobal-inc-1131579,TRUE,United States,Remote,Sales & Business Development
product_manager_jobs,chief revenue officer,"ContinuumGlobal,",united states,marketing,,15-05-2026,https://remoteok.com/remote-jobs/remote-chief-revenue-officer-continuumglobal-inc-1131579,TRUE,United States,Remote,Sales & Business Development
product_manager_jobs,senior software engineer,CentralReach,united states,saas,,15-05-2026,https://remoteok.com/remote-jobs/remote-senior-software-engineer-centralreach-1131578,TRUE,United States,Remote,Software Engineering
product_manager_jobs,business development representative,Sprinto,india,saas,,15-05-2026,https://remoteok.com/remote-jobs/remote-business-development-representative-sprinto-1131577,FALSE,India,Physical,Sales & Business Development
product_manager_jobs,business development representative,Sprinto,india,marketing,,15-05-2026,https://remoteok.com/remote-jobs/remote-business-development-representative-sprinto-1131577,FALSE,India,Physical,Sales & Business Development
product_manager_jobs,business development representative,Sprinto,india,golang,,15-05-2026,https://remoteok.com/remote-jobs/remote-business-development-representative-sprinto-1131577,FALSE,India,Physical,Sales & Business Development
product_manager_jobs,senior sales engineer,Glia,worldwide,saas,,15-05-2026,https://remoteok.com/remote-jobs/remote-senior-sales-engineer-glia-1131576,TRUE,Remote,Remote,Sales & Business Development
product_manager_jobs,senior sales engineer,Glia,worldwide,javascript,,15-05-2026,https://remoteok.com/remote-jobs/remote-senior-sales-engineer-glia-1131576,TRUE,Remote,Remote,Sales & Business Development
product_manager_jobs,senior sales engineer,Glia,worldwide,serverless,,15-05-2026,https://remoteok.com/remote-jobs/remote-senior-sales-engineer-glia-1131576,TRUE,Remote,Remote,Sales & Business Development
product_manager_jobs,senior sales engineer,Glia,worldwide,api,,15-05-2026,https://remoteok.com/remote-jobs/remote-senior-sales-engineer-glia-1131576,TRUE,Remote,Remote,Sales & Business Development
product_manager_jobs,engenharia software engineer iii golang,Stone,remoto,golang,,15-05-2026,https://remoteok.com/remote-jobs/remote-engenharia-software-engineer-iii-golang-stone-1131575,FALSE,Other,Physical,Software Engineering
marketing_jobs,devrel content creator,SuperPlane,europe,devops,70000,16-05-2026,https://remoteok.com/remote-jobs/remote-devrel-content-creator-superplane-1131594,FALSE,Other,Physical,Other
marketing_jobs,meta ads manager + creative producer ai native,singularads.com,poland,ads,20000,13-05-2026,https://remoteok.com/remote-jobs/remote-meta-ads-manager-creative-producer-ai-native-singularads-com-1131538,FALSE,Poland,Physical,Marketing & Growth
marketing_jobs,meta ads manager + creative producer ai native,singularads.com,poland,ai,20000,13-05-2026,https://remoteok.com/remote-jobs/remote-meta-ads-manager-creative-producer-ai-native-singularads-com-1131538,FALSE,Poland,Physical,Marketing & Growth
marketing_jobs,it support technician,Avalere Health,washington dc,microsoft,,16-05-2026,https://remoteok.com/remote-jobs/remote-it-support-technician-avalere-health-1131591,FALSE,United States,Physical,Customer Support & Success
marketing_jobs,product manager,Cosuno,berlin,saas,,16-05-2026,https://remoteok.com/remote-jobs/remote-product-manager-cosuno-1131589,FALSE,Other,Physical,Product Management
marketing_jobs,chief revenue officer,"ContinuumGlobal,",united states,saas,,15-05-2026,https://remoteok.com/remote-jobs/remote-chief-revenue-officer-continuumglobal-inc-1131579,TRUE,United States,Remote,Sales & Business Development
marketing_jobs,business development representative,Sprinto,india,saas,,15-05-2026,https://remoteok.com/remote-jobs/remote-business-development-representative-sprinto-1131577,FALSE,India,Physical,Sales & Business Development
marketing_jobs,business development representative,Sprinto,india,golang,,15-05-2026,https://remoteok.com/remote-jobs/remote-business-development-representative-sprinto-1131577,FALSE,India,Physical,Sales & Business Development
marketing_jobs,freelance seo aeo strategist,Smartbug Media/Point Sucess/Globalia,united states,javascript,,14-05-2026,https://remoteok.com/remote-jobs/remote-freelance-seo-aeo-strategist-smartbug-media-point-sucess-globalia-1131555,FALSE,United States,Physical,Marketing & Growth
marketing_jobs,freelance seo aeo strategist,Smartbug Media/Point Sucess/Globalia,united states,seo,,14-05-2026,https://remoteok.com/remote-jobs/remote-freelance-seo-aeo-strategist-smartbug-media-point-sucess-globalia-1131555,FALSE,United States,Physical,Marketing & Growth
marketing_jobs,freelance seo aeo strategist,Smartbug Media/Point Sucess/Globalia,united states,excel,,14-05-2026,https://remoteok.com/remote-jobs/remote-freelance-seo-aeo-strategist-smartbug-media-point-sucess-globalia-1131555,FALSE,United States,Physical,Marketing & Growth
marketing_jobs,account executive southeast,Apollo Information Systems,worldwide,salesforce,,12-05-2026,https://remoteok.com/remote-jobs/remote-account-executive-southeast-apollo-information-systems-1131533,TRUE,Remote,Remote,Sales & Business Development
marketing_jobs,account executive southeast,Apollo Information Systems,worldwide,test,,12-05-2026,https://remoteok.com/remote-jobs/remote-account-executive-southeast-apollo-information-systems-1131533,TRUE,Remote,Remote,Sales & Business Development
marketing_jobs,account executive southeast,Apollo Information Systems,worldwide,edu,,12-05-2026,https://remoteok.com/remote-jobs/remote-account-executive-southeast-apollo-information-systems-1131533,TRUE,Remote,Remote,Sales & Business Development
marketing_jobs,marketing copywriter,BIS Safety Software,canada,copywriter,,11-05-2026,https://remoteok.com/remote-jobs/remote-marketing-copywriter-bis-safety-software-1131528,FALSE,United States,Physical,Marketing & Growth
marketing_jobs,marketing copywriter,BIS Safety Software,canada,saas,,11-05-2026,https://remoteok.com/remote-jobs/remote-marketing-copywriter-bis-safety-software-1131528,FALSE,United States,Physical,Marketing & Growth
marketing_jobs,marketing copywriter,BIS Safety Software,canada,copywriting,,11-05-2026,https://remoteok.com/remote-jobs/remote-marketing-copywriter-bis-safety-software-1131528,FALSE,United States,Physical,Marketing & Growth
marketing_jobs,marketing copywriter,BIS Safety Software,canada,seo,,11-05-2026,https://remoteok.com/remote-jobs/remote-marketing-copywriter-bis-safety-software-1131528,FALSE,United States,Physical,Marketing & Growth
marketing_jobs,principal marketing analytics manager,Greenhouse,anywhere in the united states,excel,,10-05-2026,https://remoteok.com/remote-jobs/remote-principal-marketing-analytics-manager-greenhouse-1131515,TRUE,Remote,Remote,Marketing & Growth
marketing_jobs,principal marketing analytics manager,Greenhouse,anywhere in the united states,golang,,10-05-2026,https://remoteok.com/remote-jobs/remote-principal-marketing-analytics-manager-greenhouse-1131515,TRUE,Remote,Remote,Marketing & Growth
marketing_jobs,product marketing intern,Everlaw,oakland,legal,,06-05-2026,https://remoteok.com/remote-jobs/remote-product-marketing-intern-everlaw-1131454,FALSE,Other,Physical,Marketing & Growth
marketing_jobs,senior sales enablement manager,SugarAI,us remote,saas,,03-05-2026,https://remoteok.com/remote-jobs/remote-senior-sales-enablement-manager-sugarai-1131408,TRUE,Remote,Remote,Sales & Business Development
marketing_jobs,senior sales enablement manager,SugarAI,us remote,excel,,03-05-2026,https://remoteok.com/remote-jobs/remote-senior-sales-enablement-manager-sugarai-1131408,TRUE,Remote,Remote,Sales & Business Development
marketing_jobs,senior sales enablement manager,SugarAI,us remote,legal,,03-05-2026,https://remoteok.com/remote-jobs/remote-senior-sales-enablement-manager-sugarai-1131408,TRUE,Remote,Remote,Sales & Business Development
marketing_jobs,sales development representative north america june hiring class,Hostaway,worldwide,saas,,02-05-2026,https://remoteok.com/remote-jobs/remote-sales-development-representative-north-america-june-hiring-class-hostaway-1131399,TRUE,Remote,Remote,Sales & Business Development
marketing_jobs,product marketing lead,Paragon,los angeles or remote,saas,,02-05-2026,https://remoteok.com/remote-jobs/remote-product-marketing-lead-paragon-1131395,TRUE,Remote,Remote,Marketing & Growth
marketing_jobs,product marketing lead,Paragon,los angeles or remote,api,,02-05-2026,https://remoteok.com/remote-jobs/remote-product-marketing-lead-paragon-1131395,TRUE,Remote,Remote,Marketing & Growth
marketing_jobs,inside sales representative,Renewal by Andersen,"south bend, in",consulatancy,,02-05-2026,https://remoteok.com/remote-jobs/remote-inside-sales-representative-renewal-by-andersen-1131388,FALSE,Other,Physical,Sales & Business Development
marketing_jobs,senior product marketing manager us,Smile Digital Health,united states,edu,,30-04-2026,https://remoteok.com/remote-jobs/remote-senior-product-marketing-manager-us-smile-digital-health-1131348,TRUE,United States,Remote,Marketing & Growth
marketing_jobs,senior account executive publishers,Zeta Global,worldwide,golang,,26-04-2026,https://remoteok.com/remote-jobs/remote-senior-account-executive-publishers-zeta-global-1131298,TRUE,Remote,Remote,Sales & Business Development
marketing_jobs,senior account executive publishers,Zeta Global,worldwide,ecommerce,,26-04-2026,https://remoteok.com/remote-jobs/remote-senior-account-executive-publishers-zeta-global-1131298,TRUE,Remote,Remote,Sales & Business Development
marketing_jobs,corporate counsel,May Mobility,worldwide,legal,,25-04-2026,https://remoteok.com/remote-jobs/remote-corporate-counsel-may-mobility-1131294,TRUE,Remote,Remote,Legal & Compliance
marketing_jobs,corporate counsel,May Mobility,worldwide,golang,,25-04-2026,https://remoteok.com/remote-jobs/remote-corporate-counsel-may-mobility-1131294,TRUE,Remote,Remote,Legal & Compliance
marketing_jobs,vp creative director,Noodle,united states,edu,,25-04-2026,https://remoteok.com/remote-jobs/remote-vp-creative-director-noodle-1131284,FALSE,United States,Physical,UI/UX & Design
marketing_jobs,senior app & frontend developer as233,Smart Working Solutions,worldwide,embedded,,24-04-2026,https://remoteok.com/remote-jobs/remote-senior-app-amp-frontend-developer-as233-smart-working-solutions-1131268,TRUE,Remote,Remote,Software Engineering
marketing_jobs,senior app & frontend developer as233,Smart Working Solutions,worldwide,testing,,24-04-2026,https://remoteok.com/remote-jobs/remote-senior-app-amp-frontend-developer-as233-smart-working-solutions-1131268,TRUE,Remote,Remote,Software Engineering
marketing_jobs,senior app & frontend developer as233,Smart Working Solutions,worldwide,apache,,24-04-2026,https://remoteok.com/remote-jobs/remote-senior-app-amp-frontend-developer-as233-smart-working-solutions-1131268,TRUE,Remote,Remote,Software Engineering
marketing_jobs,ppc & amazon strategist,Trivium,worldwide,amazon,,24-04-2026,https://remoteok.com/remote-jobs/remote-ppc-amazon-strategist-trivium-1131266,TRUE,Remote,Remote,Other
marketing_jobs,ppc & amazon strategist,Trivium,worldwide,ads,,24-04-2026,https://remoteok.com/remote-jobs/remote-ppc-amazon-strategist-trivium-1131266,TRUE,Remote,Remote,Other
marketing_jobs,creative strategist,Maneuver Marketing,worldwide,testing,,22-04-2026,https://remoteok.com/remote-jobs/remote-creative-strategist-maneuver-marketing-1131221,TRUE,Remote,Remote,Other
marketing_jobs,creative strategist,Maneuver Marketing,worldwide,ads,,22-04-2026,https://remoteok.com/remote-jobs/remote-creative-strategist-maneuver-marketing-1131221,TRUE,Remote,Remote,Other
marketing_jobs,creative strategist,Maneuver Marketing,worldwide,testing,,22-04-2026,https://remoteok.com/remote-jobs/remote-creative-strategist-maneuver-marketing-1131220,TRUE,Remote,Remote,Other
marketing_jobs,product lead agentic ads platform,Hightouch,"sf, ny, remote",test,,22-04-2026,https://remoteok.com/remote-jobs/remote-product-lead-agentic-ads-platform-hightouch-1131203,TRUE,Remote,Remote,Product Management
marketing_jobs,product lead agentic ads platform,Hightouch,"sf, ny, remote",ads,,22-04-2026,https://remoteok.com/remote-jobs/remote-product-lead-agentic-ads-platform-hightouch-1131203,TRUE,Remote,Remote,Product Management
marketing_jobs,senior software engineer golang,Insider One,"istanbul, turkiye",saas,,22-04-2026,https://remoteok.com/remote-jobs/remote-senior-software-engineer-golang-insider-one-1131199,FALSE,Other,Physical,Software Engineering
marketing_jobs,senior software engineer golang,Insider One,"istanbul, turkiye",testing,,22-04-2026,https://remoteok.com/remote-jobs/remote-senior-software-engineer-golang-insider-one-1131199,FALSE,Other,Physical,Software Engineering
marketing_jobs,senior software engineer golang,Insider One,"istanbul, turkiye",golang,,22-04-2026,https://remoteok.com/remote-jobs/remote-senior-software-engineer-golang-insider-one-1131199,FALSE,Other,Physical,Software Engineering
marketing_jobs,ai transformation lead,Insider One,"istanbul, turkiye",saas,,22-04-2026,https://remoteok.com/remote-jobs/remote-ai-transformation-lead-insider-one-1131194,FALSE,Other,Physical,Other
marketing_jobs,ai transformation lead,Insider One,"istanbul, turkiye",test,,22-04-2026,https://remoteok.com/remote-jobs/remote-ai-transformation-lead-insider-one-1131194,FALSE,Other,Physical,Other
marketing_jobs,ai transformation lead,Insider One,"istanbul, turkiye",scrum,,22-04-2026,https://remoteok.com/remote-jobs/remote-ai-transformation-lead-insider-one-1131194,FALSE,Other,Physical,Other
marketing_jobs,ai transformation lead,Insider One,"istanbul, turkiye",quality assurance,,22-04-2026,https://remoteok.com/remote-jobs/remote-ai-transformation-lead-insider-one-1131194,FALSE,Other,Physical,Other
marketing_jobs,ai transformation lead,Insider One,"istanbul, turkiye",golang,,22-04-2026,https://remoteok.com/remote-jobs/remote-ai-transformation-lead-insider-one-1131194,FALSE,Other,Physical,Other
marketing_jobs,neowiz santa monica localization manager,Neowiz,neowiz santa monica,gaming,,22-04-2026,https://remoteok.com/remote-jobs/remote-neowiz-santa-monica-localization-manager-neowiz-1131190,FALSE,United States,Physical,Other
marketing_jobs,sales development representative,Jeeves,argentina,fintech,,22-04-2026,https://remoteok.com/remote-jobs/remote-sales-development-representative-jeeves-1131187,FALSE,Other,Physical,Sales & Business Development
marketing_jobs,creative director,Runway,worldwide,golang,,22-04-2026,https://remoteok.com/remote-jobs/remote-creative-director-runway-1131177,TRUE,Remote,Remote,UI/UX & Design
finance_jobs,crypto trader,Maidel Group,worldwide,cryptocurrency,40000,13-05-2026,https://remoteok.com/remote-jobs/remote-crypto-trader-maidel-group-1131541,TRUE,Remote,Remote,Other
finance_jobs,operations manager a379,Pearl,worldwide,test,,18-05-2026,https://remoteok.com/remote-jobs/remote-operations-manager-a379-pearl-1131609,TRUE,Remote,Remote,Operations & Strategy
finance_jobs,operations manager a379,Pearl,worldwide,bookkeeping,,18-05-2026,https://remoteok.com/remote-jobs/remote-operations-manager-a379-pearl-1131609,TRUE,Remote,Remote,Operations & Strategy
finance_jobs,operations manager a379,Pearl,worldwide,microsoft,,18-05-2026,https://remoteok.com/remote-jobs/remote-operations-manager-a379-pearl-1131609,TRUE,Remote,Remote,Operations & Strategy
finance_jobs,operations manager a379,Pearl,worldwide,excel,,18-05-2026,https://remoteok.com/remote-jobs/remote-operations-manager-a379-pearl-1131609,TRUE,Remote,Remote,Operations & Strategy
finance_jobs,operations manager a379,Pearl,worldwide,recruiting,,18-05-2026,https://remoteok.com/remote-jobs/remote-operations-manager-a379-pearl-1131609,TRUE,Remote,Remote,Operations & Strategy
finance_jobs,operations manager a379,Pearl,worldwide,ecommerce,,18-05-2026,https://remoteok.com/remote-jobs/remote-operations-manager-a379-pearl-1131609,TRUE,Remote,Remote,Operations & Strategy
finance_jobs,operations manager a379,Pearl,worldwide,shopify,,18-05-2026,https://remoteok.com/remote-jobs/remote-operations-manager-a379-pearl-1131609,TRUE,Remote,Remote,Operations & Strategy
finance_jobs,senior accountant,Volt,"bethesda, md",saas,,17-05-2026,https://remoteok.com/remote-jobs/remote-senior-accountant-volt-1131601,FALSE,Other,Physical,Finance & Accounting
finance_jobs,senior accountant,Volt,"bethesda, md",accounting,,17-05-2026,https://remoteok.com/remote-jobs/remote-senior-accountant-volt-1131601,FALSE,Other,Physical,Finance & Accounting
finance_jobs,senior accountant,Volt,"bethesda, md",c,,17-05-2026,https://remoteok.com/remote-jobs/remote-senior-accountant-volt-1131601,FALSE,Other,Physical,Finance & Accounting
finance_jobs,senior accountant,Volt,"bethesda, md",legal,,17-05-2026,https://remoteok.com/remote-jobs/remote-senior-accountant-volt-1131601,FALSE,Other,Physical,Finance & Accounting
finance_jobs,account supervisor,Avalere Health,worldwide,marketing,,16-05-2026,https://remoteok.com/remote-jobs/remote-account-supervisor-avalere-health-1131590,TRUE,Remote,Remote,Other
finance_jobs,accounts assistant,Prolific,"remote, uk",consulatancy,,08-05-2026,https://remoteok.com/remote-jobs/remote-accounts-assistant-prolific-1131489,TRUE,Remote,Remote,Other
finance_jobs,crypto trader,ELEMENTAL TERRA,worldwide,cryptocurrency,50000,29-04-2026,https://remoteok.com/remote-jobs/remote-crypto-trader-elemental-terra-1130867,TRUE,Remote,Remote,Other
finance_jobs,crypto trader,ELEMENTAL TERRA,worldwide,web3,50000,29-04-2026,https://remoteok.com/remote-jobs/remote-crypto-trader-elemental-terra-1130867,TRUE,Remote,Remote,Other
finance_jobs,crypto trader,ELEMENTAL TERRA,worldwide,blockchain,50000,29-04-2026,https://remoteok.com/remote-jobs/remote-crypto-trader-elemental-terra-1130867,TRUE,Remote,Remote,Other
finance_jobs,crypto trader,ELEMENTAL TERRA,worldwide,defi,50000,29-04-2026,https://remoteok.com/remote-jobs/remote-crypto-trader-elemental-terra-1130867,TRUE,Remote,Remote,Other
finance_jobs,crypto trader,ELEMENTAL TERRA,worldwide,edu,50000,29-04-2026,https://remoteok.com/remote-jobs/remote-crypto-trader-elemental-terra-1130867,TRUE,Remote,Remote,Other
finance_jobs,crypto trader,ELEMENTAL TERRA,worldwide,bitcoin,50000,29-04-2026,https://remoteok.com/remote-jobs/remote-crypto-trader-elemental-terra-1130867,TRUE,Remote,Remote,Other
finance_jobs,crypto trader,ELEMENTAL TERRA,worldwide,ethereum,50000,29-04-2026,https://remoteok.com/remote-jobs/remote-crypto-trader-elemental-terra-1130867,TRUE,Remote,Remote,Other
finance_jobs,crypto trader,ELEMENTAL TERRA,worldwide,legal,50000,29-04-2026,https://remoteok.com/remote-jobs/remote-crypto-trader-elemental-terra-1130867,TRUE,Remote,Remote,Other
finance_jobs,counsel business & legal affairs,MLB Network,"secaucus, nj",saas,,01-05-2026,https://remoteok.com/remote-jobs/remote-counsel-business-legal-affairs-mlb-network-1131384,FALSE,United States,Physical,Legal & Compliance
finance_jobs,counsel business & legal affairs,MLB Network,"secaucus, nj",legal,,01-05-2026,https://remoteok.com/remote-jobs/remote-counsel-business-legal-affairs-mlb-network-1131384,FALSE,United States,Physical,Legal & Compliance
finance_jobs,senior financial analyst digital assets,Exodus Movement,worldwide,cryptocurrency,,01-05-2026,https://remoteok.com/remote-jobs/remote-senior-financial-analyst-digital-assets-exodus-movement-inc-1131374,TRUE,Remote,Remote,Finance & Accounting
finance_jobs,crypto trader,Fox GLobal Assets,worldwide,edu,40000,23-04-2026,https://remoteok.com/remote-jobs/remote-crypto-trader-fox-global-assets-1131243,TRUE,Remote,Remote,Other
finance_jobs,crypto trader,Fox GLobal Assets,worldwide,cryptocurrency,40000,23-04-2026,https://remoteok.com/remote-jobs/remote-crypto-trader-fox-global-assets-1131243,TRUE,Remote,Remote,Other
finance_jobs,crypto trader,Fox GLobal Assets,worldwide,legal,40000,23-04-2026,https://remoteok.com/remote-jobs/remote-crypto-trader-fox-global-assets-1131243,TRUE,Remote,Remote,Other
finance_jobs,crypto trader,Fox GLobal Assets,worldwide,web3,40000,23-04-2026,https://remoteok.com/remote-jobs/remote-crypto-trader-fox-global-assets-1131243,TRUE,Remote,Remote,Other
finance_jobs,crypto trader,Fox GLobal Assets,worldwide,blockchain,40000,23-04-2026,https://remoteok.com/remote-jobs/remote-crypto-trader-fox-global-assets-1131243,TRUE,Remote,Remote,Other
finance_jobs,crypto trader,Fox GLobal Assets,worldwide,defi,40000,23-04-2026,https://remoteok.com/remote-jobs/remote-crypto-trader-fox-global-assets-1131243,TRUE,Remote,Remote,Other
finance_jobs,crypto trader,Fox GLobal Assets,worldwide,stats,40000,23-04-2026,https://remoteok.com/remote-jobs/remote-crypto-trader-fox-global-assets-1131243,TRUE,Remote,Remote,Other
finance_jobs,crypto trader,Fox GLobal Assets,worldwide,ops,40000,23-04-2026,https://remoteok.com/remote-jobs/remote-crypto-trader-fox-global-assets-1131243,TRUE,Remote,Remote,Other
finance_jobs,controller,MissionWired,"washington, dc remote flexibility",saas,,26-04-2026,https://remoteok.com/remote-jobs/remote-controller-missionwired-1131300,TRUE,Remote,Remote,Finance & Accounting
finance_jobs,controller,MissionWired,"washington, dc remote flexibility",testing,,26-04-2026,https://remoteok.com/remote-jobs/remote-controller-missionwired-1131300,TRUE,Remote,Remote,Finance & Accounting
finance_jobs,controller,MissionWired,"washington, dc remote flexibility",accounting,,26-04-2026,https://remoteok.com/remote-jobs/remote-controller-missionwired-1131300,TRUE,Remote,Remote,Finance & Accounting
finance_jobs,controller,MissionWired,"washington, dc remote flexibility",excel,,26-04-2026,https://remoteok.com/remote-jobs/remote-controller-missionwired-1131300,TRUE,Remote,Remote,Finance & Accounting
finance_jobs,bookkeeper,Vidinext,worldwide,accounting,30000,25-04-2026,https://remoteok.com/remote-jobs/remote-bookkeeper-vidinext-1131290,TRUE,Remote,Remote,Finance & Accounting
finance_jobs,senior site reliability engineer,Pave Bank,kuala lumpur,cryptocurrency,,24-04-2026,https://remoteok.com/remote-jobs/remote-senior-site-reliability-engineer-pave-bank-1131263,FALSE,Other,Physical,DevOps & Cloud
finance_jobs,senior site reliability engineer,Pave Bank,kuala lumpur,fintech,,24-04-2026,https://remoteok.com/remote-jobs/remote-senior-site-reliability-engineer-pave-bank-1131263,FALSE,Other,Physical,DevOps & Cloud
finance_jobs,senior site reliability engineer,Pave Bank,kuala lumpur,bank,,24-04-2026,https://remoteok.com/remote-jobs/remote-senior-site-reliability-engineer-pave-bank-1131263,FALSE,Other,Physical,DevOps & Cloud
finance_jobs,sales development representative,Jeeves,argentina,fintech,,22-04-2026,https://remoteok.com/remote-jobs/remote-sales-development-representative-jeeves-1131187,FALSE,Other,Physical,Sales & Business Development
finance_jobs,sales development representative,Jeeves,argentina,marketing,,22-04-2026,https://remoteok.com/remote-jobs/remote-sales-development-representative-jeeves-1131187,FALSE,Other,Physical,Sales & Business Development
finance_jobs,aprio ph people operations coordinator,Aprio,"clark, pampanga",microsoft,,22-04-2026,https://remoteok.com/remote-jobs/remote-aprio-ph-people-operations-coordinator-aprio-1131157,FALSE,Other,Physical,Operations & Strategy
finance_jobs,senior manager international sales,BambooHR,london,marketing,,22-04-2026,https://remoteok.com/remote-jobs/remote-senior-manager-international-sales-bamboohr-1131154,FALSE,United Kingdom,Physical,Sales & Business Development
finance_jobs,software engineer payment operations,Wingspan,warsaw,bank,,22-04-2026,https://remoteok.com/remote-jobs/remote-software-engineer-payment-operations-wingspan-1131116,FALSE,United States,Physical,Software Engineering
finance_jobs,software engineer payment operations,Wingspan,warsaw,nodejs,,22-04-2026,https://remoteok.com/remote-jobs/remote-software-engineer-payment-operations-wingspan-1131116,FALSE,United States,Physical,Software Engineering
finance_jobs,assistant relationship manager apac,Xapo Bank,singapore,bank,,22-04-2026,https://remoteok.com/remote-jobs/remote-assistant-relationship-manager-apac-xapo-bank-1131094,FALSE,Other,Physical,Other
finance_jobs,marketing operations analyst,Xapo Bank,united kingdom,marketing,,22-04-2026,https://remoteok.com/remote-jobs/remote-marketing-operations-analyst-xapo-bank-1131093,FALSE,United Kingdom,Physical,Marketing & Growth
finance_jobs,customer service agent,Above Lending,worldwide,microsoft,,22-04-2026,https://remoteok.com/remote-jobs/remote-customer-service-agent-above-lending-1131080,TRUE,Remote,Remote,Customer Support & Success
finance_jobs,customer service agent,Above Lending,worldwide,recruiting,,22-04-2026,https://remoteok.com/remote-jobs/remote-customer-service-agent-above-lending-1131080,TRUE,Remote,Remote,Customer Support & Success
finance_jobs,staff software engineer full stack,Ternary,worldwide,api,,22-04-2026,https://remoteok.com/remote-jobs/remote-staff-software-engineer-full-stack-ternary-1131066,TRUE,Remote,Remote,Software Engineering
finance_jobs,staff software engineer full stack,Ternary,worldwide,golang,,22-04-2026,https://remoteok.com/remote-jobs/remote-staff-software-engineer-full-stack-ternary-1131066,TRUE,Remote,Remote,Software Engineering
finance_jobs,finance intern,Presence,worldwide,accounting,,22-04-2026,https://remoteok.com/remote-jobs/remote-finance-intern-presence-1131053,TRUE,Remote,Remote,Finance & Accounting
finance_jobs,team lead corporate accounting,Lightspeed Commerce,montreal,accounting,,22-04-2026,https://remoteok.com/remote-jobs/remote-team-lead-corporate-accounting-lightspeed-commerce-1131035,FALSE,Canada,Physical,Finance & Accounting
finance_jobs,senior associate finance,Pearl,india,testing,,22-03-2026,https://remoteok.com/remote-jobs/remote-senior-associate-finance-pearl-1130940,FALSE,India,Physical,Finance & Accounting
finance_jobs,senior associate finance,Pearl,india,accounting,,22-03-2026,https://remoteok.com/remote-jobs/remote-senior-associate-finance-pearl-1130940,FALSE,India,Physical,Finance & Accounting
finance_jobs,senior associate finance,Pearl,india,bank,,22-03-2026,https://remoteok.com/remote-jobs/remote-senior-associate-finance-pearl-1130940,FALSE,India,Physical,Finance & Accounting
finance_jobs,senior associate finance,Pearl,india,excel,,22-03-2026,https://remoteok.com/remote-jobs/remote-senior-associate-finance-pearl-1130940,FALSE,India,Physical,Finance & Accounting
finance_jobs,head of finance north america,Adyen,san francisco,microsoft,,22-03-2026,https://remoteok.com/remote-jobs/remote-head-of-finance-north-america-adyen-1130928,FALSE,Other,Physical,Finance & Accounting
finance_jobs,principal solution architect professional services finance,Anaplan,minneapolis,consulting,,22-03-2026,https://remoteok.com/remote-jobs/remote-principal-solution-architect-professional-services-finance-anaplan-1130892,FALSE,Other,Physical,Finance & Accounting
finance_jobs,account executive,Addepar,worldwide,consulting,,22-03-2026,https://remoteok.com/remote-jobs/remote-account-executive-addepar-1130886,TRUE,Remote,Remote,Sales & Business Development
finance_jobs,marketing manager events ft live,Financial Times,london,marketing,,22-03-2026,https://remoteok.com/remote-jobs/remote-marketing-manager-events-ft-live-financial-times-1130861,FALSE,United Kingdom,Physical,Marketing & Growth
finance_jobs,accounting clerk,"Defense Holdings,",manassas park,accounting,,22-03-2026,https://remoteok.com/remote-jobs/remote-accounting-clerk-defense-holdings-inc-1130847,FALSE,Other,Physical,Finance & Accounting
finance_jobs,accounting clerk,"Defense Holdings,",manassas park,bookkeeping,,22-03-2026,https://remoteok.com/remote-jobs/remote-accounting-clerk-defense-holdings-inc-1130847,FALSE,Other,Physical,Finance & Accounting
finance_jobs,accounting clerk,"Defense Holdings,",manassas park,microsoft,,22-03-2026,https://remoteok.com/remote-jobs/remote-accounting-clerk-defense-holdings-inc-1130847,FALSE,Other,Physical,Finance & Accounting
finance_jobs,senior associate finance,Aksia,worldwide,cfo,,22-03-2026,https://remoteok.com/remote-jobs/remote-senior-associate-finance-aksia-1130844,TRUE,Remote,Remote,Finance & Accounting
finance_jobs,senior associate finance,Aksia,worldwide,accounting,,22-03-2026,https://remoteok.com/remote-jobs/remote-senior-associate-finance-aksia-1130844,TRUE,Remote,Remote,Finance & Accounting
finance_jobs,affiliate marketing & partnerships lead,Material Bank,worldwide,bank,,22-03-2026,https://remoteok.com/remote-jobs/remote-affiliate-marketing-partnerships-lead-material-bank-1130843,TRUE,Remote,Remote,Marketing & Growth
finance_jobs,affiliate marketing & partnerships lead,Material Bank,worldwide,marketing,,22-03-2026,https://remoteok.com/remote-jobs/remote-affiliate-marketing-partnerships-lead-material-bank-1130843,TRUE,Remote,Remote,Marketing & Growth
finance_jobs,senior developer experience engineer,Galaxy,worldwide,web3,,22-03-2026,https://remoteok.com/remote-jobs/remote-senior-developer-experience-engineer-galaxy-1130758,TRUE,Remote,Remote,Software Engineering
finance_jobs,senior developer experience engineer,Galaxy,worldwide,cryptocurrency,,22-03-2026,https://remoteok.com/remote-jobs/remote-senior-developer-experience-engineer-galaxy-1130758,TRUE,Remote,Remote,Software Engineering
finance_jobs,senior software engineer ruby on rails,Versapay,canada remote,saas,,22-03-2026,https://remoteok.com/remote-jobs/remote-senior-software-engineer-ruby-on-rails-versapay-1130745,TRUE,Remote,Remote,Software Engineering
finance_jobs,senior software engineer ruby on rails,Versapay,canada remote,fintech,,22-03-2026,https://remoteok.com/remote-jobs/remote-senior-software-engineer-ruby-on-rails-versapay-1130745,TRUE,Remote,Remote,Software Engineering
finance_jobs,senior software engineer ruby on rails,Versapay,canada remote,ruby,,22-03-2026,https://remoteok.com/remote-jobs/remote-senior-software-engineer-ruby-on-rails-versapay-1130745,TRUE,Remote,Remote,Software Engineering
finance_jobs,senior software engineer ruby on rails,Versapay,canada remote,ruby on rails,,22-03-2026,https://remoteok.com/remote-jobs/remote-senior-software-engineer-ruby-on-rails-versapay-1130745,TRUE,Remote,Remote,Software Engineering
finance_jobs,cfo,Marathon Talent,worldwide,cfo,,22-03-2026,https://remoteok.com/remote-jobs/remote-cfo-marathon-talent-1130739,TRUE,Remote,Remote,Finance & Accounting
finance_jobs,cfo,Marathon Talent,worldwide,accounting,,22-03-2026,https://remoteok.com/remote-jobs/remote-cfo-marathon-talent-1130739,TRUE,Remote,Remote,Finance & Accounting
finance_jobs,cfo,Marathon Talent,worldwide,api,,22-03-2026,https://remoteok.com/remote-jobs/remote-cfo-marathon-talent-1130739,TRUE,Remote,Remote,Finance & Accounting
finance_jobs,cfo,Marathon Talent,worldwide,legal,,22-03-2026,https://remoteok.com/remote-jobs/remote-cfo-marathon-talent-1130739,TRUE,Remote,Remote,Finance & Accounting
finance_jobs,intern procurement,Wealthsimple Technologies,toronto,fintech,,22-03-2026,https://remoteok.com/remote-jobs/remote-intern-procurement-wealthsimple-technologies-1130664,FALSE,Canada,Physical,Other
design_jobs,member of technical staff applied ml recsys,Liquid AI,cambridge,python,,21-05-2026,https://remoteok.com/remote-jobs/remote-member-of-technical-staff-applied-ml-recsys-liquid-ai-1131627,FALSE,United States,Physical,Other
design_jobs,software engineer platform,Benchling,worldwide,node,,21-05-2026,https://remoteok.com/remote-jobs/remote-software-engineer-platform-benchling-1131626,TRUE,Remote,Remote,Software Engineering
design_jobs,software engineer platform,Benchling,worldwide,excel,,21-05-2026,https://remoteok.com/remote-jobs/remote-software-engineer-platform-benchling-1131626,TRUE,Remote,Remote,Software Engineering
design_jobs,software engineer platform,Benchling,worldwide,biotech,,21-05-2026,https://remoteok.com/remote-jobs/remote-software-engineer-platform-benchling-1131626,TRUE,Remote,Remote,Software Engineering
design_jobs,customer lifecycle automation manager @cxt software,CXT Software,worldwide,saas,,21-05-2026,https://remoteok.com/remote-jobs/remote-customer-lifecycle-automation-manager-cxt-software-cxt-software-1131624,TRUE,Remote,Remote,Other
design_jobs,sr solution architect consultant sales engineer,Cyara,united states,testing,,18-05-2026,https://remoteok.com/remote-jobs/remote-sr-solution-architect-consultant-sales-engineer-cyara-1131610,FALSE,United States,Physical,Sales & Business Development
design_jobs,product manager,Cosuno,berlin,saas,,16-05-2026,https://remoteok.com/remote-jobs/remote-product-manager-cosuno-1131589,FALSE,Other,Physical,Product Management
design_jobs,product manager,Cosuno,berlin,marketing,,16-05-2026,https://remoteok.com/remote-jobs/remote-product-manager-cosuno-1131589,FALSE,Other,Physical,Product Management
design_jobs,staff engineer platform engineering,HighLevel,india,saas,,16-05-2026,https://remoteok.com/remote-jobs/remote-staff-engineer-platform-engineering-highlevel-1131588,FALSE,India,Physical,DevOps & Cloud
design_jobs,staff engineer platform engineering,HighLevel,india,nodejs,,16-05-2026,https://remoteok.com/remote-jobs/remote-staff-engineer-platform-engineering-highlevel-1131588,FALSE,India,Physical,DevOps & Cloud
design_jobs,staff engineer platform engineering,HighLevel,india,api,,16-05-2026,https://remoteok.com/remote-jobs/remote-staff-engineer-platform-engineering-highlevel-1131588,FALSE,India,Physical,DevOps & Cloud
design_jobs,staff engineer platform engineering,HighLevel,india,legal,,16-05-2026,https://remoteok.com/remote-jobs/remote-staff-engineer-platform-engineering-highlevel-1131588,FALSE,India,Physical,DevOps & Cloud
design_jobs,capture analyst,Altarum,united states,edu,,16-05-2026,https://remoteok.com/remote-jobs/remote-capture-analyst-altarum-1131585,FALSE,United States,Physical,Data Analyst
design_jobs,recruiter gtm sales,DoorDash USA,united states,recruiting,,15-05-2026,https://remoteok.com/remote-jobs/remote-recruiter-gtm-sales-doordash-usa-1131573,FALSE,United States,Physical,UI/UX & Design
design_jobs,technical solutions analyst,Varicent,merida,saas,,14-05-2026,https://remoteok.com/remote-jobs/remote-technical-solutions-analyst-varicent-1131557,FALSE,Other,Physical,Consulting & Solutions
design_jobs,customer success manager,Wishpond Technologies,brazil,saas,,14-05-2026,https://remoteok.com/remote-jobs/remote-customer-success-manager-wishpond-technologies-1131550,FALSE,Other,Physical,Customer Support & Success
design_jobs,lead software engineer,CSC Generation,remote canada,python,,11-05-2026,https://remoteok.com/remote-jobs/remote-lead-software-engineer-csc-generation-1131529,TRUE,Remote,Remote,Software Engineering
design_jobs,lead software engineer,CSC Generation,remote canada,django,,11-05-2026,https://remoteok.com/remote-jobs/remote-lead-software-engineer-csc-generation-1131529,TRUE,Remote,Remote,Software Engineering
design_jobs,lead software engineer,CSC Generation,remote canada,api,,11-05-2026,https://remoteok.com/remote-jobs/remote-lead-software-engineer-csc-generation-1131529,TRUE,Remote,Remote,Software Engineering
design_jobs,lead software engineer,CSC Generation,remote canada,recruiting,,11-05-2026,https://remoteok.com/remote-jobs/remote-lead-software-engineer-csc-generation-1131529,TRUE,Remote,Remote,Software Engineering
design_jobs,staff product designer business banking,Monzo,london,bank,,10-05-2026,https://remoteok.com/remote-jobs/remote-staff-product-designer-business-banking-monzo-1131519,FALSE,United Kingdom,Physical,UI/UX & Design
design_jobs,talent acquisition pipeline manager,Nava PBC,worldwide,consultancy,,10-05-2026,https://remoteok.com/remote-jobs/remote-talent-acquisition-pipeline-manager-nava-pbc-1131513,TRUE,Remote,Remote,UI/UX & Design
design_jobs,tech lead,Zensurance,"toronto, on",full stack,,10-05-2026,https://remoteok.com/remote-jobs/remote-tech-lead-zensurance-1131509,FALSE,Canada,Physical,Other
design_jobs,tech lead,Zensurance,"toronto, on",docker,,10-05-2026,https://remoteok.com/remote-jobs/remote-tech-lead-zensurance-1131509,FALSE,Canada,Physical,Other
design_jobs,tech lead,Zensurance,"toronto, on",testing,,10-05-2026,https://remoteok.com/remote-jobs/remote-tech-lead-zensurance-1131509,FALSE,Canada,Physical,Other
design_jobs,tech lead,Zensurance,"toronto, on",test,,10-05-2026,https://remoteok.com/remote-jobs/remote-tech-lead-zensurance-1131509,FALSE,Canada,Physical,Other
design_jobs,tech lead,Zensurance,"toronto, on",scrum,,10-05-2026,https://remoteok.com/remote-jobs/remote-tech-lead-zensurance-1131509,FALSE,Canada,Physical,Other
design_jobs,tech lead,Zensurance,"toronto, on",devops,,10-05-2026,https://remoteok.com/remote-jobs/remote-tech-lead-zensurance-1131509,FALSE,Canada,Physical,Other
design_jobs,tech lead,Zensurance,"toronto, on",javascript,,10-05-2026,https://remoteok.com/remote-jobs/remote-tech-lead-zensurance-1131509,FALSE,Canada,Physical,Other
design_jobs,tech lead,Zensurance,"toronto, on",edu,,10-05-2026,https://remoteok.com/remote-jobs/remote-tech-lead-zensurance-1131509,FALSE,Canada,Physical,Other
design_jobs,senior data engineer,Valon Mortgage,worldwide,saas,,09-05-2026,https://remoteok.com/remote-jobs/remote-senior-data-engineer-valon-mortgage-1131504,TRUE,Remote,Remote,Data Engineering
design_jobs,senior data engineer,Valon Mortgage,worldwide,python,,09-05-2026,https://remoteok.com/remote-jobs/remote-senior-data-engineer-valon-mortgage-1131504,TRUE,Remote,Remote,Data Engineering
design_jobs,senior data engineer,Valon Mortgage,worldwide,golang,,09-05-2026,https://remoteok.com/remote-jobs/remote-senior-data-engineer-valon-mortgage-1131504,TRUE,Remote,Remote,Data Engineering
design_jobs,business analyst,"Contact Government Services,",worldwide,jira,,07-05-2026,https://remoteok.com/remote-jobs/remote-business-analyst-contact-government-services-llc-1131467,TRUE,Remote,Remote,Operations & Strategy
design_jobs,business analyst,"Contact Government Services,",worldwide,microsoft,,07-05-2026,https://remoteok.com/remote-jobs/remote-business-analyst-contact-government-services-llc-1131467,TRUE,Remote,Remote,Operations & Strategy
design_jobs,account executive sled,Everpure,sacramento,edu,,06-05-2026,https://remoteok.com/remote-jobs/remote-account-executive-sled-everpure-1131450,FALSE,Other,Physical,Sales & Business Development
design_jobs,lead analytics engineer borrowing,Monzo,"cardiff, london",testing,,03-05-2026,https://remoteok.com/remote-jobs/remote-lead-analytics-engineer-borrowing-monzo-1131423,FALSE,United States,Physical,Data Engineering
design_jobs,lead analytics engineer borrowing,Monzo,"cardiff, london",bank,,03-05-2026,https://remoteok.com/remote-jobs/remote-lead-analytics-engineer-borrowing-monzo-1131423,FALSE,United States,Physical,Data Engineering
design_jobs,digital full stack engineer hr172,Smart Working Solutions,worldwide,jira,,03-05-2026,https://remoteok.com/remote-jobs/remote-digital-full-stack-engineer-hr172-smart-working-solutions-1131414,TRUE,Remote,Remote,Software Engineering
design_jobs,digital full stack engineer hr172,Smart Working Solutions,worldwide,devops,,03-05-2026,https://remoteok.com/remote-jobs/remote-digital-full-stack-engineer-hr172-smart-working-solutions-1131414,TRUE,Remote,Remote,Software Engineering
design_jobs,full stack staff engineer,Join,worldwide,golang,,03-05-2026,https://remoteok.com/remote-jobs/remote-full-stack-staff-engineer-join-1131413,TRUE,Remote,Remote,Software Engineering
design_jobs,full stack staff engineer,Join,worldwide,saas,,03-05-2026,https://remoteok.com/remote-jobs/remote-full-stack-staff-engineer-join-1131413,TRUE,Remote,Remote,Software Engineering
design_jobs,senior sales enablement manager,SugarAI,us remote,saas,,03-05-2026,https://remoteok.com/remote-jobs/remote-senior-sales-enablement-manager-sugarai-1131408,TRUE,Remote,Remote,Sales & Business Development
design_jobs,senior sales enablement manager,SugarAI,us remote,marketing,,03-05-2026,https://remoteok.com/remote-jobs/remote-senior-sales-enablement-manager-sugarai-1131408,TRUE,Remote,Remote,Sales & Business Development
design_jobs,senior sales enablement manager,SugarAI,us remote,excel,,03-05-2026,https://remoteok.com/remote-jobs/remote-senior-sales-enablement-manager-sugarai-1131408,TRUE,Remote,Remote,Sales & Business Development
design_jobs,senior sales enablement manager,SugarAI,us remote,legal,,03-05-2026,https://remoteok.com/remote-jobs/remote-senior-sales-enablement-manager-sugarai-1131408,TRUE,Remote,Remote,Sales & Business Development
design_jobs,strategic business development consultant,Vonage,spain,api,,02-05-2026,https://remoteok.com/remote-jobs/remote-strategic-business-development-consultant-vonage-1131403,FALSE,Spain,Physical,Sales & Business Development
design_jobs,integration test manager vha required,Ibility,washington dc,test,,02-05-2026,https://remoteok.com/remote-jobs/remote-integration-test-manager-vha-required-ibility-1131389,FALSE,United States,Physical,UI/UX & Design
design_jobs,integration test manager vha required,Ibility,washington dc,react,,02-05-2026,https://remoteok.com/remote-jobs/remote-integration-test-manager-vha-required-ibility-1131389,FALSE,United States,Physical,UI/UX & Design
design_jobs,integration test manager vha required,Ibility,washington dc,testing,,02-05-2026,https://remoteok.com/remote-jobs/remote-integration-test-manager-vha-required-ibility-1131389,FALSE,United States,Physical,UI/UX & Design
design_jobs,senior software engineer,Interra Health,boston,saas,,01-05-2026,https://remoteok.com/remote-jobs/remote-senior-software-engineer-interra-health-1131380,FALSE,United States,Physical,Software Engineering
design_jobs,senior software engineer,Interra Health,boston,edu,,01-05-2026,https://remoteok.com/remote-jobs/remote-senior-software-engineer-interra-health-1131380,FALSE,United States,Physical,Software Engineering
design_jobs,senior software engineer,Interra Health,boston,ruby,,01-05-2026,https://remoteok.com/remote-jobs/remote-senior-software-engineer-interra-health-1131380,FALSE,United States,Physical,Software Engineering
design_jobs,senior software engineer,Interra Health,boston,saas,,01-05-2026,https://remoteok.com/remote-jobs/remote-senior-software-engineer-interra-health-1131379,FALSE,United States,Physical,Software Engineering
design_jobs,senior software engineer,Interra Health,boston,edu,,01-05-2026,https://remoteok.com/remote-jobs/remote-senior-software-engineer-interra-health-1131379,FALSE,United States,Physical,Software Engineering
design_jobs,senior software engineer,Interra Health,boston,ruby,,01-05-2026,https://remoteok.com/remote-jobs/remote-senior-software-engineer-interra-health-1131379,FALSE,United States,Physical,Software Engineering
design_jobs,senior site reliability engineer ai infrastructure,Andromeda Cluster,san francisco,golang,,01-05-2026,https://remoteok.com/remote-jobs/remote-senior-site-reliability-engineer-ai-infrastructure-andromeda-cluster-1131375,FALSE,Other,Physical,DevOps & Cloud
design_jobs,senior site reliability engineer ai infrastructure,Andromeda Cluster,san francisco,linux,,01-05-2026,https://remoteok.com/remote-jobs/remote-senior-site-reliability-engineer-ai-infrastructure-andromeda-cluster-1131375,FALSE,Other,Physical,DevOps & Cloud
design_jobs,ux designer ii,Renaissance Learning North America,worldwide,ux,,30-04-2026,https://remoteok.com/remote-jobs/remote-ux-designer-ii-renaissance-learning-north-america-1131362,TRUE,Remote,Remote,UI/UX & Design
design_jobs,ux designer ii,Renaissance Learning North America,worldwide,edu,,30-04-2026,https://remoteok.com/remote-jobs/remote-ux-designer-ii-renaissance-learning-north-america-1131362,TRUE,Remote,Remote,UI/UX & Design
design_jobs,engineer software,Calabrio,worldwide,c#,,29-04-2026,https://remoteok.com/remote-jobs/remote-engineer-software-calabrio-1131345,TRUE,Remote,Remote,Other
design_jobs,engineer software,Calabrio,worldwide,saas,,29-04-2026,https://remoteok.com/remote-jobs/remote-engineer-software-calabrio-1131345,TRUE,Remote,Remote,Other
design_jobs,engineer software,Calabrio,worldwide,react,,29-04-2026,https://remoteok.com/remote-jobs/remote-engineer-software-calabrio-1131345,TRUE,Remote,Remote,Other
design_jobs,engineer software,Calabrio,worldwide,full stack,,29-04-2026,https://remoteok.com/remote-jobs/remote-engineer-software-calabrio-1131345,TRUE,Remote,Remote,Other
design_jobs,engineer software,Calabrio,worldwide,docker,,29-04-2026,https://remoteok.com/remote-jobs/remote-engineer-software-calabrio-1131345,TRUE,Remote,Remote,Other
design_jobs,engineer software,Calabrio,worldwide,testing,,29-04-2026,https://remoteok.com/remote-jobs/remote-engineer-software-calabrio-1131345,TRUE,Remote,Remote,Other
design_jobs,engineer software,Calabrio,worldwide,ui,,29-04-2026,https://remoteok.com/remote-jobs/remote-engineer-software-calabrio-1131345,TRUE,Remote,Remote,Other
design_jobs,engineer software,Calabrio,worldwide,ux,,29-04-2026,https://remoteok.com/remote-jobs/remote-engineer-software-calabrio-1131345,TRUE,Remote,Remote,Other
design_jobs,engineer software,Calabrio,worldwide,scrum,,29-04-2026,https://remoteok.com/remote-jobs/remote-engineer-software-calabrio-1131345,TRUE,Remote,Remote,Other
design_jobs,engineer software,Calabrio,worldwide,quality assurance,,29-04-2026,https://remoteok.com/remote-jobs/remote-engineer-software-calabrio-1131345,TRUE,Remote,Remote,Other
design_jobs,engineer software,Calabrio,worldwide,devops,,29-04-2026,https://remoteok.com/remote-jobs/remote-engineer-software-calabrio-1131345,TRUE,Remote,Remote,Other
design_jobs,engineer software,Calabrio,worldwide,javascript,,29-04-2026,https://remoteok.com/remote-jobs/remote-engineer-software-calabrio-1131345,TRUE,Remote,Remote,Other
design_jobs,engineer software,Calabrio,worldwide,java,,29-04-2026,https://remoteok.com/remote-jobs/remote-engineer-software-calabrio-1131345,TRUE,Remote,Remote,Other
design_jobs,engineer software,Calabrio,worldwide,nosql,,29-04-2026,https://remoteok.com/remote-jobs/remote-engineer-software-calabrio-1131345,TRUE,Remote,Remote,Other
design_jobs,engineer software,Calabrio,worldwide,git,,29-04-2026,https://remoteok.com/remote-jobs/remote-engineer-software-calabrio-1131345,TRUE,Remote,Remote,Other
design_jobs,engineer software,Calabrio,worldwide,api,,29-04-2026,https://remoteok.com/remote-jobs/remote-engineer-software-calabrio-1131345,TRUE,Remote,Remote,Other
design_jobs,software engineer ii backend,Affirm,poland,python,,29-04-2026,https://remoteok.com/remote-jobs/remote-software-engineer-ii-backend-affirm-1131342,FALSE,Poland,Physical,Software Engineering
design_jobs,software engineer ii backend,Affirm,poland,mysql,,29-04-2026,https://remoteok.com/remote-jobs/remote-software-engineer-ii-backend-affirm-1131342,FALSE,Poland,Physical,Software Engineering
design_jobs,network engineer factory systems and operational technology,Anduril Industries,costa mesa,3d,,29-04-2026,https://remoteok.com/remote-jobs/remote-network-engineer-factory-systems-and-operational-technology-anduril-industries-1131334,FALSE,Other,Physical,Networking & Infrastructure
design_jobs,ml engineer,"Trunk Tools,",worldwide,golang,,28-04-2026,https://remoteok.com/remote-jobs/remote-ml-engineer-trunk-tools-inc-1131329,TRUE,Remote,Remote,Data Science & AI
design_jobs,software engineer,Finalis,worldwide,accounting,,28-04-2026,https://remoteok.com/remote-jobs/remote-software-engineer-finalis-1131328,TRUE,Remote,Remote,Software Engineering
design_jobs,software engineer,Finalis,worldwide,api,,28-04-2026,https://remoteok.com/remote-jobs/remote-software-engineer-finalis-1131328,TRUE,Remote,Remote,Software Engineering
design_jobs,data engineer,Pivotal Health,los angeles,salesforce,,26-04-2026,https://remoteok.com/remote-jobs/remote-data-engineer-pivotal-health-1131305,FALSE,Other,Physical,Data Engineering
design_jobs,data engineer,Pivotal Health,los angeles,python,,26-04-2026,https://remoteok.com/remote-jobs/remote-data-engineer-pivotal-health-1131305,FALSE,Other,Physical,Data Engineering
design_jobs,data engineer,Pivotal Health,los angeles,devops,,26-04-2026,https://remoteok.com/remote-jobs/remote-data-engineer-pivotal-health-1131305,FALSE,Other,Physical,Data Engineering
design_jobs,data engineer,Pivotal Health,los angeles,postgresql,,26-04-2026,https://remoteok.com/remote-jobs/remote-data-engineer-pivotal-health-1131305,FALSE,Other,Physical,Data Engineering
design_jobs,strategy & operations,TLDR,worldwide,golang,,26-04-2026,https://remoteok.com/remote-jobs/remote-strategy-operations-tldr-1131297,TRUE,Remote,Remote,Operations & Strategy
design_jobs,ux ui designer — ai application,0g Labs,worldwide,ui,,25-04-2026,https://remoteok.com/remote-jobs/remote-ux-ui-designer-ai-application-0g-labs-1131295,TRUE,Remote,Remote,UI/UX & Design
design_jobs,ux ui designer — ai application,0g Labs,worldwide,ux,,25-04-2026,https://remoteok.com/remote-jobs/remote-ux-ui-designer-ai-application-0g-labs-1131295,TRUE,Remote,Remote,UI/UX & Design
design_jobs,ux ui designer — ai application,0g Labs,worldwide,speech,,25-04-2026,https://remoteok.com/remote-jobs/remote-ux-ui-designer-ai-application-0g-labs-1131295,TRUE,Remote,Remote,UI/UX & Design
design_jobs,vp creative director,Noodle,united states,edu,,25-04-2026,https://remoteok.com/remote-jobs/remote-vp-creative-director-noodle-1131284,FALSE,United States,Physical,UI/UX & Design
design_jobs,vp creative director,Noodle,united states,marketing,,25-04-2026,https://remoteok.com/remote-jobs/remote-vp-creative-director-noodle-1131284,FALSE,United States,Physical,UI/UX & Design
design_jobs,principal customer solutions architect,Caylent,canada,amazon,,25-04-2026,https://remoteok.com/remote-jobs/remote-principal-customer-solutions-architect-caylent-1131281,FALSE,United States,Physical,Other
design_jobs,senior cad backend engineer mechanical cad automation,Foundation EGI,worldwide,python,,24-04-2026,https://remoteok.com/remote-jobs/remote-senior-cad-backend-engineer-mechanical-cad-automation-foundation-egi-1131271,TRUE,Remote,Remote,Software Engineering
design_jobs,senior cad backend engineer mechanical cad automation,Foundation EGI,worldwide,3d,,24-04-2026,https://remoteok.com/remote-jobs/remote-senior-cad-backend-engineer-mechanical-cad-automation-foundation-egi-1131271,TRUE,Remote,Remote,Software Engineering
